# Players the official server showed in the packet captures (UCGO Packet Logs.zip), one line each, for the GM command #spawnfromlist.
# Each player as last seen in the capture that shows them most: position, vehicle, weapons, clothes. Made by Tools/CapturedPlayers/extract_players.py.
# id: the captured character id (for reference; spawns get NPC ids). name: empty when the capture never had it (a random name is used).
# faction: 1 EF, 2 Zeon. criminal: 1 = shown as a criminal. zone: 1 Earth, 2 Space. team: captured team id, -1 none (one team = one squad).
# vehicle: template, -1 = on foot. armaments: weapon/shield template per slot (-1 empty; -1 alone = no weapons); empty = not captured (random weapons when spawned).
# gender..clothes: an on-foot player's looks; clothes = 8 slots wear:style (dress top coat bottom shoes gloves hat glasses, -1 empty).
# Empty looks = not captured (borrows a captured look of the same faction). capture: the capture file the line comes from.
id,name,faction,criminal,zone,x,y,z,tilt,roll,dir,rank,action,team,vehicle,armaments,gender,skin,face,hair,haircolour,clothes,capture
4613,test33a,1,0,1,64288145,-54618972,2308,0,0,9775,3,0,101346,410058,-1,,,,,,,TEST.pcap
4624,Peripheral,1,0,1,71203498,-61197988,3692,0,0,14513,4,0,101306,400005,-1,,,,,,,BATTLE 1.pcap
4643,anini,2,0,1,71176609,-61197997,732,0,0,-10441,8,0,-1,410058,280061/360006/280118/280021/280040,,,,,,,TEST 2.pcap
4656,,1,0,1,57286630,-58206013,1784,0,0,-209,5,0,101286,410029,,,,,,,,Dragoonith - Get in GOUF from HANGAR and PUT BACK IN.pcap
4723,,2,0,1,62638964,-49082074,39,0,0,6423,4,0,100010,-1,,1,0,2,4,1,185:0/22:0/1:0/5:0/0:0/20:0/27:0/15:0,Reavo Blocks + Server announcement.pcap
4746,,1,0,1,56912243,-54484047,2796,0,0,17784,8,0,-1,400005,,,,,,,,Purple tag Test Team X.pcap
4761,KHAN,2,0,1,71176988,-61197778,695,0,0,28461,7,0,103546,-1,,1,0,2,7,0,195:0/22:0/-1:0/-1:0/-1:0/21:0/37:0/15:0,TEST 2.pcap
4816,カント,1,0,1,71570729,-60098075,2435,0,0,-20204,5,0,100006,-1,,,,,,,,Dragoonith Log into Canberra.pcap
4878,ムラサメ,2,0,1,71176710,-61198046,723,0,0,-9000,4,0,101588,410073,280058/360000/280059/280068/280261/280003,,,,,,,TEST 2.pcap
4888,,2,0,1,62638957,-49082057,39,0,0,2722,9,0,100010,-1,,,,,,,,Reavo Blocks + Server announcement.pcap
4971,,2,0,2,3390239,-2235912,936035,3227,12482,4868,5,0,100102,410058,,,,,,,,Gesture 3.pcap
5047,楼閣,1,0,1,71570654,-60098215,3318,0,0,12552,8,0,100006,400005,,,,,,,,Dragoonith Log into Canberra.pcap
5073,,2,0,2,3393674,-2240457,932930,-11073,-10928,30383,8,0,100666,410073,280111/360046/280111/280134/280073/280104,,,,,,,Weapon Tabs.pcap
5091,,2,0,1,73446358,-56290732,285,-30,-32,-57,9,0,100666,410025,,,,,,,,TaxiEF.pcap
5118,,2,0,1,56919045,-54483875,2285,0,0,-27757,5,48,103590,410005,,,,,,,,Purple tag Test Team X.pcap
5132,,1,0,1,62637473,-49080977,39,0,0,-24346,6,0,100047,-1,,,,,,,,Reavo Blocks + Server announcement.pcap
5231,ひかる,1,0,1,55474521,-58347122,39,0,0,-32698,8,0,100519,-1,,2,1,0,0,1,106:0/-1:0/-1:0/-1:0/-1:0/21:0/20:0/9:0,Logging in Tominox in Perth.pcap
5269,ジャンボ,2,0,1,71180441,-61197531,813,0,0,-16521,7,32,100386,410013,280093/360006/280091/280264/280042,,,,,,,BATTLE 1.pcap
5280,ICHIRO51,1,0,1,62637491,-49084575,67,0,0,-31891,8,64,100047,410030,,,,,,,,MASSIVE END BATTLE LOG.pcap
5298,,1,0,1,72533927,-59312687,315,0,0,17,10,4,102850,460004,,,,,,,,Create Team.pcap
5314,アルテミス,2,0,1,64280182,-54619111,2305,0,0,17300,8,0,100666,410005,-1,,,,,,,TEST.pcap
5323,,2,0,2,3392662,-2240642,933183,-11333,4676,8061,7,0,101329,-1,,1,0,0,4,1,-1:0/30:255/-1:0/-1:0/-1:0/21:0/62:0/18:255,Super High Tensile Steel Refine Max Success (1000 Steel + 1000 Tintanium Steel  results in 500 Super High Tensile Steel).pcap
5337,マリ・スカイウォーカー,1,0,1,57290094,-58208913,1754,0,0,-9430,12,4,100096,460004,-1/280170/280170,,,,,,,Tomino X loginto Southern Cross.pcap
5392,,1,0,1,56912167,-54484081,2234,0,0,-3715,9,0,102276,-1,,,,,,,,Purple tag Test Team X.pcap
5416,カタカナ,2,0,1,71177494,-61198253,734,0,0,-19205,5,0,101588,410029,280022/360006/280044/280068/280108,,,,,,,BATTLE 1.pcap
5453,銀ちゃん,2,0,1,71179074,-61197727,779,0,0,-17242,4,0,102893,410073,280058/360006/280125/280040,,,,,,,BATTLE 1.pcap
5474,カレン・エクスクルーシブ,1,0,1,64288073,-54618530,2261,0,0,-28551,8,0,-1,-1,,2,1,2,1,1,168:0/-1:0/-1:0/-1:0/-1:0/21:0/25:0/18:255,LOG.pcap
5513,,2,0,2,3389811,-2233923,936318,-21104,13654,12488,4,0,100082,-1,,,,,,,,Map Click Defualt (Zone).pcap
5611,謎の看板娘,2,1,1,62638274,-49081254,86,0,0,5019,5,32,102397,410013,280093/360006/280097/280262/280114,,,,,,,MASSIVE END BATTLE LOG.pcap
5614,レッシィ ・ ペンドルトン,2,0,1,71178344,-61198381,757,0,0,14692,8,0,100594,410031,280008/360020/280251/280035/280023/280104,,,,,,,BATTLE 1.pcap
5627,,2,0,1,71176877,-61197988,737,0,0,-5637,8,0,100016,410058,280118/360006,,,,,,,TEST 2.pcap
5630,,2,0,2,3395892,-2240330,926058,-15665,5876,-15148,8,0,100082,410068,,,,,,,,heat rod.pcap
5667,,1,0,2,3390891,-2241963,933274,25343,-11125,6220,5,0,101159,410073,,,,,,,,Other send to chat.pcap
5668,神崎佐久耶,2,0,1,71177736,-61198009,745,0,0,-16655,7,0,100512,410005,280085/360006/280055/280120/280203,,,,,,,BATTLE 1.pcap
5678,Zeno,1,0,1,71194451,-61196298,841,0,0,13948,6,32,102393,410073,280058/360000/280068/280071/280121,,,,,,,BATTLE 1.pcap
5683,Ciela Rapana,2,0,1,71176980,-61197856,740,0,0,25833,7,0,100130,410025,-1,,,,,,,BATTLE 1.pcap
5765,,1,0,1,72534066,-59312959,311,0,0,5461,8,0,103280,-1,,,,,,,,Create Team.pcap
5768,,1,0,1,62638592,-49081489,76,0,0,-30773,7,32,103629,410005,280058/360000/280134/280111,,,,,,,MASSIVE END BATTLE LOG.pcap
5800,,2,0,1,62638625,-49078742,39,0,0,-25465,10,2,100010,400027,,,,,,,,Buttercup create clothes EF.pcap
5850,,2,0,2,3392643,-2240497,933074,-2411,1095,8863,4,0,103802,400025,-1,,,,,,,MS MR 1.pcap
5858,keybow,1,0,1,72533225,-59313739,311,0,0,24612,11,0,-1,-1,,,,,,,,ucgozonein wireshark.pcap
5884,ケイ・アカツキ,1,0,1,71570490,-60098412,2435,0,0,-6741,5,0,100089,-1,,,,,,,,Dragoonith Log into Canberra.pcap
5887,,1,0,1,55474345,-58347278,177,0,0,-15952,5,0,102843,-1,,,,,,,,transfer lunatitaniumfrombankto781overweight.pcap
5908,くま,2,0,2,3389711,-2233505,936179,7462,-5488,-24136,7,0,100082,-1,,1,2,2,7,0,195:0/30:255/-1:0/-1:0/-1:0/19:0/37:0/11:0,Zaku F2A Craft Fail Super High Tensile Steel Take Out.pcap
5952,,2,0,1,72534330,-59308840,358,0,0,1788,6,0,102945,410013,,,,,,,,Create Team.pcap
6042,ボヤッキー,2,0,1,71177085,-61198027,741,0,0,21711,6,0,100594,410013,280073/360026/280056/280093/280092,,,,,,,BATTLE 1.pcap
6095,アーレン,1,0,1,72534094,-59313129,311,0,0,14850,10,0,100747,-1,,1,0,2,4,2,170:0/30:255/1:96/2:96/7:96/8:96/62:0/16:0,xenolog.pcap
6137,グリフォン,2,0,1,62637300,-49088068,2824,0,0,-31457,8,0,100153,400009,-1,,,,,,,MASSIVE END BATTLE LOG.pcap
6140,,2,0,1,62638529,-49081834,776,0,0,31867,6,0,100350,400009,-1,,,,,,,MASSIVE END BATTLE LOG.pcap
6144,,2,0,1,71179613,-61200106,781,0,0,8662,5,0,102758,410058,,,,,,,,TEST 2.pcap
6202,,2,0,1,62638930,-49081667,39,0,0,20604,9,0,101633,-1,,,,,,,,MASSIVE END BATTLE LOG.pcap
6341,けんじ,1,0,1,55474428,-58347062,73,0,0,-20176,5,32,100747,410029,280059/360023/280251/280250/280094/280207,,,,,,,Logging in Tominox in Perth.pcap
6361,,1,0,1,56914293,-54480787,2290,0,0,-4951,7,0,101249,410073,,,,,,,,Purple tag Test Team X.pcap
6372,,1,0,1,72533898,-59313043,486,0,0,-614,8,0,103586,410024,,,,,,,,EF Team Create.pcap
6477,,2,0,1,56919641,-54484389,2297,0,0,-25643,5,64,103772,410058,,,,,,,,Purple tag Test Team X.pcap
6528,JimmyPage,1,0,1,71570852,-60098142,2573,0,0,14557,7,0,100006,-1,,,,,,,,Dragoonith Log into Canberra.pcap
6547,エーコト・シタルネン,1,0,1,71184922,-61196521,830,0,0,-19790,6,0,102393,410073,280058/360000/280094/280082/280009,,,,,,,BATTLE 1.pcap
6551,touya・kun,1,0,1,64287902,-54618867,2298,0,0,18510,6,0,-1,410005,280008/360003/280059/280101/280044/280003,,,,,,,TEST Z GUNDAM.pcap
6572,Hyper,2,0,2,3392411,-2240575,933312,-6216,-1556,-18718,10,0,100666,410058,280118/360006/280079/280040/280040,,,,,,,Titanium Steel Refine Max Success (999 rutile).pcap
6573,,1,0,2,-3424696,5688707,-165,-5610,6659,19427,8,0,-1,-1,,,,,,,,Meldrum destroyed and dropped FL.pcap
6626,,2,0,1,62634508,-49082855,38,0,0,-543,11,0,100401,400012,,,,,,,,Buttercup create clothes EF.pcap
6640,,2,0,1,62636790,-49083434,77,0,0,26110,7,48,102398,410073,280059/360043/280058/280118/280203,,,,,,,MASSIVE END BATTLE LOG.pcap
6710,れろれろ,1,0,1,71202504,-61198217,3688,0,0,14513,7,0,-1,400005,-1,,,,,,,BATTLE 1.pcap
6809,,1,0,1,62638907,-49081565,77,0,0,-31015,5,48,100047,410073,280111/-1/280251/280111/280134,,,,,,,MASSIVE END BATTLE LOG.pcap
6847,yan_koba,1,0,1,71570966,-60098013,2573,0,0,-9221,4,0,100583,-1,,1,2,1,3,2,174:0/21:0/-1:0/1:6/2:3/16:0/20:0/15:0,Dragoonith Log into Canberra.pcap
7002,,1,0,1,62637451,-49083204,73,0,0,-221,4,0,100236,410030,280250/360023/280116/280111/280080,,,,,,,MASSIVE END BATTLE LOG.pcap
7013,KOU,1,0,1,55474708,-58347194,39,0,0,10770,7,0,102843,-1,,1,1,1,1,1,195:0/29:0/-1:0/-1:0/-1:0/16:0/19:0/11:0,Logging in Tominox in Perth.pcap
7118,ゆう・がっと,1,0,1,64288036,-54618523,2261,0,0,-31078,10,0,100320,-1,,1,0,1,2,0,160:0/30:255/0:10/1:8/0:10/16:0/25:0/18:255,LOG.pcap
7120,かづ,1,0,1,71184498,-61195000,805,0,0,21013,7,32,-1,410037,280030/360003/280009,,,,,,,BATTLE 1.pcap
7161,,2,0,1,62634579,-49081379,42,0,0,21404,10,0,-1,460005,,,,,,,,Buttercup create clothes EF.pcap
7194,イズミ,1,0,1,55474771,-58347235,210,0,0,25075,8,0,101929,410029,280251/360023/280068/280106/280040,,,,,,,Logging in Tominox in Perth.pcap
7195,,2,0,1,62639182,-49081659,274,0,0,17346,8,0,100350,410058,,,,,,,,MASSIVE END BATTLE LOG.pcap
7234,,1,0,1,72533689,-59312994,483,0,0,-3036,6,0,102873,410029,,,,,,,,Create Team.pcap
7271,Crystal Gazer,1,0,1,55474408,-58347246,210,0,0,-16154,8,48,100796,410029,280058/360003/280044/280059/280165/280157,,,,,,,Logging in Tominox in Perth.pcap
7619,かわうそ,2,0,1,71182789,-61197128,822,0,0,-13403,8,0,102008,410058,280058/360006/280118/280114/280040,,,,,,,BATTLE 1.pcap
7648,joujou,2,0,1,71180304,-61197657,812,0,0,1583,7,0,-1,410013,280093/360026/280262/280264/280264,,,,,,,BATTLE 1.pcap
7698,,2,0,1,62638890,-49081651,39,0,0,15427,10,0,-1,-1,,,,,,,,MASSIVE END BATTLE LOG.pcap
7714,,1,0,1,68951934,-52883953,1760,0,0,15844,8,0,-1,-1,,,,,,,,Richmond.pcap
7797,カブト・コウジ,2,0,1,71181150,-61196923,810,0,0,-15813,7,0,100856,410005,280111/360026/280118/280085/280114/-1,,,,,,,BATTLE 1.pcap
7821,,1,0,1,62637119,-49080894,263,0,0,-20597,6,48,103262,410073,280058/360020/280059/280118/280103/280104,,,,,,,MASSIVE END BATTLE LOG.pcap
7838,,2,0,1,62638853,-49081637,39,0,0,16862,8,0,-1,-1,,,,,,,,MASSIVE END BATTLE LOG.pcap
7846,キャメル,2,0,1,71178274,-61198189,920,0,0,-15768,7,0,100856,410058,280082/360006/280059/280118/280040,,,,,,,BATTLE 1.pcap
7936,Ａ ロメオ,1,0,1,71184822,-61195822,824,0,0,-23737,5,0,101940,410005,280111/360003/280035/280251/-1,,,,,,,BATTLE 1.pcap
7937,,1,0,1,57289794,-58208541,1754,0,0,-26627,11,7,100096,400026,,,,,,,,Dragoonith - Get in GOUF from HANGAR and PUT BACK IN.pcap
7950,,2,0,1,62637311,-49082038,294,0,0,-6257,4,9,100153,410058,280082/-1/280073/280068,,,,,,,MASSIVE END BATTLE LOG.pcap
8003,Charlie,1,0,1,71198358,-61199496,837,0,0,11186,7,0,100089,410073,280250/360003/280059/280111/280103,,,,,,,BATTLE 1.pcap
8024,,1,0,1,57287468,-58207815,1750,0,0,15009,10,0,101286,-1,,,,,,,,Dragoonith - Get in GOUF from HANGAR and PUT BACK IN.pcap
8351,裂 木村,2,0,1,62637639,-49082401,43,0,0,-1119,4,0,102398,400026,,,,,,,,MASSIVE END BATTLE LOG.pcap
8375,,1,0,1,56920062,-54484561,2254,0,0,28734,4,0,-1,-1,,,,,,,,Purple tag Test Team X.pcap
8383,ユキ,1,0,1,72533962,-59313048,449,0,0,-32133,6,0,100190,-1,,1,1,0,5,1,160:0/30:255/-1:0/-1:0/-1:0/16:0/25:0/11:0,xenolog.pcap
8620,Shu,1,0,1,72534367,-59313341,315,0,0,2569,9,0,100627,460004,280110/280170/280170,,,,,,,xenolog.pcap
8657,ザックス,1,0,1,71184691,-61198745,997,0,0,-20277,5,0,102393,410005,280032/-1/280044/280009/280008,,,,,,,BATTLE 1.pcap
8714,,1,0,1,62638307,-49081297,165,0,0,-24681,5,0,100047,410073,280068/360003/280111/280106/280114/280053,,,,,,,MASSIVE END BATTLE LOG.pcap
8787,メル・リンス,1,0,1,71184313,-61195926,824,0,0,-10524,5,32,100724,410005,280082/360003/280058/280059/280261,,,,,,,BATTLE 1.pcap
9009,桐野利秋,2,0,2,3392517,-2240850,933376,9844,-4542,19017,8,0,100269,-1,,,,,,,,Movement_Forward_FAST+ Drift to stop(ZSSAEO3).pcap
9155,シュバルト,2,0,1,71180201,-61197950,810,0,0,-18668,7,0,100594,410058,280122/360026/280073/280085/280090,,,,,,,BATTLE 1.pcap
9318,JeetaTZ,1,0,1,71570649,-60098407,2484,0,0,11574,8,0,100089,410035,,,,,,,,Dragoonith Log into Canberra.pcap
9351,ザマっち,2,0,1,62638793,-49081956,161,0,0,-6813,7,0,103503,-1,,1,0,0,0,1,122:0/22:0/-1:0/1:10/3:13/20:0/26:0/11:0,Buttercup create clothes EF.pcap
9354,マダラ,1,0,1,71184520,-61196814,933,0,0,937,5,64,101005,410073,280058/360024/280101/280101/280111/280104,,,,,,,BATTLE 1.pcap
9429,あろえ,1,0,1,71184973,-61196579,830,0,0,-20030,5,0,103245,410073,280058/-1/280059/280125,,,,,,,BATTLE 1.pcap
9628,Brandnew,1,0,1,71184415,-61200421,829,0,0,-16264,7,32,103672,410073,280250/360023/280082/280059/280118,,,,,,,BATTLE 1.pcap
9818,LARK,1,0,1,62637981,-49081117,76,0,0,-23197,7,32,103262,410073,280125/360003/280058/280105/280103,,,,,,,MASSIVE END BATTLE LOG.pcap
9878,,2,0,2,3390112,-2234019,936709,11359,-1339,-12622,6,0,100172,410057,280118/360006/280023/280154/280044,,,,,,,Team Member Log On (+TeamChatNotice).pcap
9984,カーツ,2,0,1,71179259,-61197809,792,0,0,-17615,4,0,100594,410013,280073/360023/280122/280111/280127,,,,,,,BATTLE 1.pcap
10021,てる,1,0,1,71184626,-61196595,828,0,0,-13477,4,0,103690,410005,280058/360003/280111/280090/280071,,,,,,,BATTLE 1.pcap
10038,子連れ狼,2,0,1,71176619,-61197888,686,0,0,-13439,9,0,102397,-1,,1,0,2,6,2,183:0/-1:0/-1:0/-1:0/2:3/17:0/5:3/18:255,BATTLE 1.pcap
10230,,2,0,1,62634227,-49082936,39,0,0,-7911,10,7,100034,400012,,,,,,,,Buttercup create clothes EF.pcap
10428,シゲ,1,0,1,72533499,-59312523,315,0,0,-28924,11,0,100627,460004,,,,,,,,ucgozonein wireshark.pcap
10436,,1,0,1,57287320,-58205718,1913,0,0,29029,9,0,100924,410002,,,,,,,,Dragoonith - Get in GOUF from HANGAR and PUT BACK IN.pcap
10488,エアーメール,2,0,1,71177471,-61198062,749,0,0,-16779,5,48,103558,410058,280259/360006/280118/280125/280040,,,,,,,BATTLE 1.pcap
10522,ゴウカスミ,1,0,1,57286653,-58207657,1750,0,0,-3095,7,0,101929,-1,,1,0,2,2,2,194:0/30:255/-1:0/-1:0/-1:0/19:0/63:0/18:255,Tomino X loginto Southern Cross.pcap
10538,,2,0,1,73447155,-56289843,71,0,0,-17452,6,0,100082,-1,,,,,,,,StaticObject-GawBrisbane.pcap
10709,,1,0,1,62638333,-49081141,76,0,0,7539,6,32,100047,410073,,,,,,,,MASSIVE END BATTLE LOG.pcap
10853,,1,0,1,71569065,-60096083,2439,39,-22,-24565,11,5,100089,460004,,,,,,,,Dragoonith Log into Canberra.pcap
10868,ていおう,2,0,1,62638738,-49081699,39,0,0,-24702,7,0,100036,-1,,1,0,2,3,1,195:0/30:255/1:105/2:105/2:105/20:0/5:105/18:255,MASSIVE END BATTLE LOG.pcap
11147,yasi,2,0,1,71179011,-61197874,776,0,0,-15532,4,0,100594,410031,280073/360040/280120/-1/280215/280053,,,,,,,BATTLE 1.pcap
11217,マシュー,2,0,1,73449333,-56290610,116,0,0,30887,9,0,-1,410007,0/360005,,,,,,,NewChar Login.pcap
11285,,2,0,1,62639179,-49081767,272,0,0,16846,7,32,103405,410022,-1/280262/280073/-1/280117,,,,,,,MASSIVE END BATTLE LOG.pcap
11293,のらくろ,2,0,1,71176988,-61197824,694,0,0,-29951,9,0,100824,-1,,1,2,0,0,2,25:0/30:255/-1:0/-1:0/-1:0/17:0/26:0/10:0,BATTLE 1.pcap
11304,,1,0,1,72533474,-59312452,315,0,0,-29712,10,7,103690,460004,,,,,,,,EF Team Create.pcap
11400,ルセット・オデビー,2,0,1,73446258,-56290591,75,0,0,-14014,10,7,103159,400026,-1,,,,,,,NewChar Login.pcap
11497,綿棒,1,0,1,64288036,-54618670,2317,0,0,28465,8,0,101071,410073,280058/360020/280071,,,,,,,LOG.pcap
11588,ラッコ,2,0,1,71180585,-61198595,972,0,0,-19151,4,32,100084,410058,280111/360006/280166/280166/280090,,,,,,,BATTLE 1.pcap
11638,,2,0,1,62638778,-49081750,161,0,0,23606,4,0,103503,-1,,,,,,,,MASSIVE END BATTLE LOG.pcap
11646,KEN,2,0,1,73449273,-56290632,118,0,0,29539,10,8,101134,410013,,,,,,,,Zoning in  Zeon.pcap
11706,まりゅー,2,0,1,62638819,-49083201,39,0,0,-20536,8,0,103503,-1,,1,1,2,0,1,187:0/-1:0/-1:0/-1:0/4:0/20:0/-1:0/10:0,MASSIVE END BATTLE LOG.pcap
11962,ケイン・マキシマ,1,0,1,71570783,-60098163,2660,0,0,21929,5,0,100583,410029,,,,,,,,Dragoonith Log into Canberra.pcap
12195,Leo,1,0,1,55474560,-58347162,39,0,0,26963,10,0,-1,-1,,1,1,0,0,0,0:0/30:255/-1:0/-1:0/-1:0/38:0/-1:0/18:255,Logging in Tominox in Perth.pcap
12231,リース・バヤ,2,0,1,71183428,-61196849,829,0,0,-15168,4,0,102634,410058,280131/360026/280111/280152/280088,,,,,,,BATTLE 1.pcap
12244,ケン・ジャスティ,1,0,1,71205013,-61198472,882,0,0,14084,4,0,101727,-1,,1,2,1,5,2,102:0/30:255/-1:0/1:10/0:1/16:0/20:0/10:0,BATTLE 1.pcap
12251,Tosh Cray,1,0,1,72533481,-59313026,311,0,0,-16276,9,0,100131,-1,,1,1,0,0,1,163:0/30:255/-1:0/1:10/0:4/8:11/25:0/18:255,xenolog.pcap
12377,セロー,2,0,1,71176560,-61197869,732,0,0,-13836,4,0,100615,410058,280085/360006/280259/280090/280090,,,,,,,BATTLE 1.pcap
12450,逆襲のダンク,1,0,1,57287203,-58207838,1788,0,0,23281,4,0,-1,410005,280018/360024/280095/280090/280090/280053,,,,,,,Tomino X loginto Southern Cross.pcap
12648,ゆうき,1,0,1,72534616,-59313549,348,0,0,-24404,10,7,102359,410031,280059/360020/280251/280255/280255/280053,,,,,,,xenolog.pcap
12700,,2,0,1,62638541,-49081409,87,0,0,23380,9,0,-1,410058,280058/360006/-1/280040/280040,,,,,,,MASSIVE END BATTLE LOG.pcap
13012,,1,0,1,57290489,-58208436,1750,0,0,-29765,11,0,103245,400027,,,,,,,,Dragoonith - Get in GOUF from HANGAR and PUT BACK IN.pcap
13358,サキ・ヴァシュタール,1,0,1,71184324,-61197223,925,-1622,-411,-19576,8,0,100044,430011,280110/280164,,,,,,,BATTLE 1.pcap
13704,,1,0,1,71198662,-61198030,774,0,0,12206,4,0,103586,410005,280068/360000/280021/280103,,,,,,,BATTLE 1.pcap
13971,,2,0,1,62638155,-49089169,42,0,0,-31780,7,9,100463,410035,,,,,,,,MASSIVE END BATTLE LOG.pcap
14014,,2,0,1,56919679,-54484191,2318,0,0,-32584,5,48,100412,410005,,,,,,,,Purple tag Test Team X.pcap
14097,,1,0,1,57286814,-58208062,1750,0,0,97,4,0,101503,-1,,,,,,,,Dragoonith - Get in GOUF from HANGAR and PUT BACK IN.pcap
14185,,2,0,1,62637580,-49086669,55,0,0,-31994,8,0,101633,410058,,,,,,,,Buttercup create clothes EF.pcap
15275,メインレース,1,0,1,71570638,-60098247,2573,0,0,6648,5,0,103568,-1,,,,,,,,Dragoonith Log into Canberra.pcap
15292,ちぇる,1,0,1,71182992,-61198379,3640,0,0,-16488,5,0,103810,400005,-1,,,,,,,BATTLE 1.pcap
15399,,1,0,1,72533575,-59312798,315,0,0,2252,10,0,103690,460004,,,,,,,,EF Team Create.pcap
15542,ウィンディ,1,0,1,71184936,-61198304,836,0,0,-16360,4,64,103568,410006,280059/-1/280255/280037/280053/280100,,,,,,,BATTLE 1.pcap
15647,,1,0,1,56920174,-54484264,2254,0,0,22380,8,0,101947,-1,,,,,,,,Purple tag Test Team X.pcap
15759,悪影,1,0,1,71183889,-61193947,793,0,0,-12249,8,41,102393,410073,280068/-1/280111/280114/-1,,,,,,,BATTLE 1.pcap
15819,,1,0,1,72533607,-59313192,311,0,0,-93,7,0,-1,-1,,,,,,,,Create Team.pcap
15876,,1,0,1,72533703,-59312472,315,0,0,1338,11,4,101071,460004,,,,,,,,EF Team Create.pcap
15927,,1,0,1,72534005,-59313131,449,0,0,9174,10,0,-1,-1,,,,,,,,EF Team Create.pcap
15936,XTRAIL,1,0,1,72533636,-59311984,574,0,0,1989,6,80,100627,410060,,,,,,,,ucgozonein wireshark.pcap
15977,,1,0,1,55474378,-58347188,177,0,0,-30047,8,0,-1,-1,,,,,,,,transfer lunatitaniumfrombankto781overweight.pcap
15986,ライカ・ドウジギリ,2,0,1,64280067,-54619521,2305,0,0,17398,5,0,100087,410073,-1,,,,,,,TEST.pcap
16003,,2,0,1,62637419,-49082926,39,0,0,-25380,8,0,100655,-1,,2,2,0,5,0,194:0/30:255/1:0/1:10/0:0/20:0/5:60/11:0,MASSIVE END BATTLE LOG.pcap
16086,島耕作,2,0,1,71183460,-61195861,832,0,0,-13715,7,0,101588,410058,280085/360026/280073/280116,,,,,,,BATTLE 1.pcap
16090,ちーけた,2,0,1,71193541,-61198034,902,0,0,-22825,5,48,-1,410051,280024/280024/280166/280019,,,,,,,BATTLE 1.pcap
16109,CBR250RR,2,0,1,64265063,-54623479,2314,0,0,23187,5,0,103802,410057,280035/360006/0/280011/280040,,,,,,,Tomino X Login to Alice sligs Zeon.pcap
16226,レイズ,1,0,1,55474572,-58347197,40,0,0,-23639,6,0,-1,-1,,1,0,3,7,0,194:0/-1:0/-1:0/-1:0/-1:0/16:0/35:0/22:0,Logging in Tominox in Perth.pcap
16288,SHAD,2,0,1,71177233,-61197944,735,0,0,20700,8,0,101134,410073,280058/360003/280118/280040/280040,,,,,,,BATTLE 1.pcap
16320,,2,0,1,71177400,-61198068,720,0,0,-18551,7,0,100269,410020,280093/280100,,,,,,,TEST 2.pcap
16399,Meru,2,0,1,71176846,-61197824,691,0,0,-20958,7,0,100856,-1,,2,0,0,1,1,24:0/30:255/-1:0/-1:0/-1:0/-1:0/17:0/18:255,BATTLE 1.pcap
16475,,2,0,2,3394381,-2240531,929876,-13998,2617,-14659,8,0,103405,410069,280212/280114/280087,,,,,,,MS MG (1).pcap
16519,ペコポン駐留軍特殊車両課課長代理,2,0,1,73447256,-56290929,71,0,0,-16219,10,0,102437,-1,,2,0,0,3,1,65:0/30:255/-1:0/-1:0/-1:0/-1:0/16:0/4:0,NewChar Login.pcap
16566,ブラックダイス,1,0,1,71204877,-61198437,876,0,0,9967,10,0,103690,-1,,1,2,0,7,1,170:0/-1:0/-1:0/-1:0/-1:0/-1:0/25:0/24:0,TEST 2.pcap
16575,クラーク・ターニャ,1,0,1,71185139,-61198522,828,0,0,13986,4,0,100668,410029,280071/360002/280009/280040/280002,,,,,,,BATTLE 1.pcap
16689,Sydney,1,1,1,64289264,-54620779,2285,0,0,-14407,4,0,100421,410024,280032/360002/280045/280021/280152/280003,,,,,,,LOG.pcap
16784,Radios Sopp,2,0,1,71183552,-61197254,820,0,0,-15295,4,0,100130,410073,280058/360006/280059,,,,,,,BATTLE 1.pcap
16897,,2,1,1,62638477,-49081557,39,0,0,19280,5,0,100022,-1,,,,,,,,MASSIVE END BATTLE LOG.pcap
17286,,1,0,1,57286835,-58208065,1750,0,0,1606,4,0,101286,-1,,,,,,,,Dragoonith - Get in GOUF from HANGAR and PUT BACK IN.pcap
17290,しゅう,1,0,1,71184883,-61195861,826,0,0,14039,4,0,101005,410073,280111/360023/280068/280071/-1,,,,,,,BATTLE 1.pcap
17296,更紗,1,0,1,71173367,-61192874,4333,0,0,-18254,6,0,100760,400005,-1,,,,,,,BATTLE 1.pcap
17362,,1,0,1,62637600,-49082318,77,0,0,-5181,5,64,100047,410073,,,,,,,,MASSIVE END BATTLE LOG.pcap
17419,コンマカパック,2,0,1,71176527,-61198191,680,39,-20,-7976,7,0,101452,-1,,1,1,0,0,2,194:0/30:255/-1:0/0:9/5:1/19:0/18:0/18:255,BATTLE 1.pcap
17439,,2,0,1,66386980,-59789666,123,0,0,11047,0,0,-1,410035,,,,,,,,UCGM Adel Light 2.pcap
17475,,2,0,1,73447002,-56289824,71,0,0,-23149,9,0,102008,-1,,,,,,,,StaticObject-GawBrisbane.pcap
17482,Shila,2,0,1,71182676,-61196884,824,0,0,-17986,5,0,100856,410058,280204/360006/280090,,,,,,,BATTLE 1.pcap
17610,,1,0,1,55474624,-58347039,39,0,0,29053,12,0,103262,-1,,,,,,,,transfer lunatitaniumfrombankto781overweight.pcap
17612,味鈴,1,0,1,71204790,-61198492,3749,0,0,-20965,8,0,100060,400005,-1,,,,,,,BATTLE 1.pcap
17657,Maron_B,1,0,1,57286726,-58208129,1750,0,0,-13378,7,0,100883,-1,,1,0,2,0,1,194:0/30:255/-1:0/-1:0/-1:0/16:0/35:0/18:255,Tomino X loginto Southern Cross.pcap
17679,ひでさん,1,0,1,72534060,-59313088,311,0,0,1858,6,0,103280,-1,,1,0,1,0,2,194:0/21:0/-1:0/-1:0/-1:0/20:0/63:0/15:0,xenolog.pcap
17737,,2,0,1,71177005,-61198297,726,0,0,9253,4,0,102499,410073,,,,,,,,TEST 2.pcap
17749,ジャック・バウアー,2,0,1,71176999,-61197678,696,0,0,27232,7,0,102461,-1,,1,1,2,5,1,127:0/30:255/-1:0/-1:0/-1:0/21:0/37:0/18:255,BATTLE 1.pcap
17770,,1,0,1,62639194,-49079330,77,0,0,-4650,6,80,101868,410073,,,,,,,,MASSIVE END BATTLE LOG.pcap
17793,,2,0,1,62642137,-49082543,39,0,0,-3447,10,0,101963,400027,-1,,,,,,,Buttercup create clothes EF.pcap
17844,Eiji kamata,1,0,1,71198832,-61197924,768,0,0,103,4,0,102393,410030,280080/360003/280059/280018,,,,,,,BATTLE 1.pcap
17989,,1,0,1,72534305,-59313214,348,0,0,11045,10,0,103586,410005,,,,,,,,EF Team Create.pcap
18017,,2,0,1,62638794,-49081966,161,0,0,-4918,6,0,103578,-1,,,,,,,,Reavo Blocks + Server announcement.pcap
18080,Josh Oefshore,1,0,1,55474551,-58347061,82,0,0,-18049,8,80,101929,410060,280082/360003/-1/-1/-1/280132,,,,,,,Logging in Tominox in Perth.pcap
18093,再起動戦士ザクタンコ,2,0,1,71178651,-61197461,781,0,0,-7275,7,0,-1,410058,280056/360006/280073/280040/280040,,,,,,,BATTLE 1.pcap
18113,コーン・フレーク,2,0,1,71183177,-61196724,827,0,0,-14260,7,16,102642,410017,280011/280212/280038,,,,,,,BATTLE 1.pcap
18265,,1,0,1,62636895,-49082318,77,0,0,-5771,6,48,101868,410073,280071/360003/280111/280111/280111/280053,,,,,,,MASSIVE END BATTLE LOG.pcap
18270,ケロン・ケロロ,2,0,1,71177521,-61197781,831,29,-32,-16079,4,0,102965,410058,280134/360006/280068/280040,,,,,,,BATTLE 1.pcap
18357,,2,0,1,72534316,-59311102,359,0,0,-11519,10,16,102945,410035,,,,,,,,Create Team.pcap
18360,コナン,1,0,1,71199565,-61199210,852,0,0,13219,5,32,102393,410005,280250/360023/280059/280103/-1,,,,,,,BATTLE 1.pcap
18381,,2,0,1,71177452,-61198077,721,0,0,-17790,4,0,101338,410020,280093/280100,,,,,,,TEST 2.pcap
18418,,2,0,1,71176893,-61197797,693,0,0,-21913,4,0,103558,-1,,1,1,2,3,1,127:0/30:255/-1:0/-1:0/0:64/19:0/26:0/15:0,TEST 2.pcap
18427,Brunhild,2,0,2,3396245,-2239950,925182,-3410,-3692,-17228,10,0,-1,400025,-1,,,,,,,Weapon Tabs.pcap
18446,,1,0,1,55474215,-58347300,375,0,0,-16031,6,0,101208,-1,,,,,,,,transfer lunatitaniumfrombankto781overweight.pcap
18474,,2,0,1,62638751,-49081876,39,0,0,4866,4,0,102635,-1,,1,1,2,4,1,195:0/30:255/-1:0/6:105/7:60/16:0/37:0/18:255,MASSIVE END BATTLE LOG.pcap
18478,,1,0,1,72533810,-59312177,310,0,0,3942,7,7,-1,400012,,,,,,,,Create Team.pcap
18574,,1,0,2,3390465,-2242573,933112,26106,13555,20277,8,0,101159,410073,,,,,,,,Other send to chat.pcap
18634,ナービック,1,0,1,71199196,-61198018,765,0,0,-28139,5,0,102516,410043,280111/360003/280068,,,,,,,BATTLE 1.pcap
18685,,1,0,1,57287901,-58206934,1754,0,0,10928,11,0,-1,400011,,,,,,,,Dragoonith - Get in GOUF from HANGAR and PUT BACK IN.pcap
18854,,1,0,1,72533792,-59312997,449,0,0,-1937,6,0,100639,-1,,,,,,,,Create Team.pcap
19012,Python,2,0,1,71176960,-61197641,696,0,0,-16394,7,0,100807,-1,,1,2,3,7,2,144:0/30:255/-1:0/0:3/4:3/17:0/19:0/18:255,BATTLE 1.pcap
19026,nacchan,1,0,1,71184964,-61198031,827,0,0,-12413,7,0,101005,410029,280111/360003,,,,,,,BATTLE 1.pcap
19044,,1,0,1,55474690,-58347236,177,0,0,-17645,4,0,101208,-1,,,,,,,,transfer lunatitaniumfrombankto781overweight.pcap
19111,ともちゅん,2,0,1,71180645,-61197819,812,0,0,-19643,4,0,102390,410058,280008/360006/280114/280261,,,,,,,BATTLE 1.pcap
19137,,1,0,1,71205129,-61198422,883,0,0,20655,7,0,103586,-1,,,,,,,,BATTLE 1.pcap
19177,Bolt,1,0,1,72533698,-59312403,311,0,0,345,10,0,-1,400027,-1,,,,,,,xenolog.pcap
19194,ARU,2,0,1,71182769,-61198136,821,0,0,-19319,8,64,102634,410058,280120/360006/280120/280134/280125,,,,,,,BATTLE 1.pcap
19198,ヒッポ,2,0,1,71176948,-61197842,740,0,0,28175,4,0,101050,410013,280093/360026/280264/280264/280092,,,,,,,BATTLE 1.pcap
19263,gamegen,2,0,1,71183377,-61197053,828,0,0,-12036,7,0,103367,410058,280085/360006/280022/280035,,,,,,,BATTLE 1.pcap
19322,yasuwo,2,0,1,71180267,-61196617,822,0,0,-13776,8,32,103367,410058,280059/360006/280082,,,,,,,BATTLE 1.pcap
19501,ぶらっく・きんぐ,2,0,1,71176936,-61198111,2306,0,0,6402,9,0,100657,400009,-1,,,,,,,BATTLE 1.pcap
19534,キッ・コーマン,1,0,1,72534167,-59312125,345,0,0,-32614,7,32,100627,410023,280058/360023/280071/280106/280094,,,,,,,xenolog.pcap
19535,アヴリル,2,0,1,71183359,-61197192,828,0,0,-12723,6,0,-1,410057,280058/360023/280116/-1/280040,,,,,,,BATTLE 1.pcap
19549,,2,0,1,66389435,-59790298,39,0,0,-23817,8,0,100057,400026,,,,,,,,UCGM Adel Light 2.pcap
19601,モルダー,1,0,1,71179540,-61198070,3480,0,0,-16601,4,0,100668,400005,-1,,,,,,,BATTLE 1.pcap
19656,アポリーJG,2,0,1,71178569,-61197911,775,0,0,-15741,8,32,100386,410026,280115/280074/280129,,,,,,,BATTLE 1.pcap
19682,,1,0,1,57289606,-58208824,1754,0,0,-11587,11,4,100796,460004,,,,,,,,Dragoonith - Get in GOUF from HANGAR and PUT BACK IN.pcap
19733,アレックス・アンダーソン２ｎｄ,1,0,1,64288249,-54618578,2261,0,0,24137,10,0,-1,-1,,1,1,1,4,0,0:0/-1:0/-1:0/-1:0/-1:0/-1:0/-1:0/-1:0,TEST Z GUNDAM.pcap
19741,,2,0,1,73446913,-56289935,118,0,0,259,8,0,102008,410058,,,,,,,,StaticObject-GawBrisbane.pcap
19836,,1,0,1,56919803,-54484734,2252,-32,32,-8766,5,0,101144,-1,,,,,,,,Purple tag Test Team X.pcap
19938,,2,0,1,66387526,-59790051,35,0,0,13626,10,0,-1,400027,,,,,,,,UCGM Adel Light 2.pcap
19942,,1,0,1,55472706,-58346200,38,0,0,-17796,10,5,-1,400027,,,,,,,,transfer lunatitaniumfrombankto781overweight.pcap
19974,Zeus,1,0,1,72534090,-59313141,311,0,0,1873,10,0,-1,-1,,2,1,1,0,2,0:0/30:255/-1:0/-1:0/-1:0/-1:0/-1:0/18:255,xenolog.pcap
20060,AnavelClyne,2,0,1,71177101,-61197769,697,0,0,115,8,0,-1,-1,,1,1,2,3,2,185:0/30:255/-1:0/1:8/0:3/16:0/63:0/10:0,BATTLE 1.pcap
20130,ヨシフル・アキヤマ,2,0,1,64266178,-54621610,2319,0,0,25976,4,0,103802,410057,280035/360006/280011/0/280040,,,,,,,Tomino X Login to Alice sligs Zeon.pcap
20251,,2,0,2,3392529,-2240321,933453,-4711,11072,-4971,9,0,-1,410058,280035/360006/280022/280037/280037,,,,,,,Alaron Put 5 items in bin TRADE!.pcap
20257,カルロス,1,0,1,71200653,-61197473,778,0,0,7946,6,0,103568,410023,280058/360003/280123/280044,,,,,,,BATTLE 1.pcap
20291,べるくーと,2,0,2,3395755,-2239816,925057,11073,-9644,27605,8,0,-1,400023,-1,,,,,,,spaceboat R D 2.pcap
20311,,1,0,1,72533499,-59312960,322,0,0,-31914,10,0,103550,-1,,1,2,3,4,2,160:0/30:255/-1:0/3:3/4:3/19:0/25:0/18:255,Create Team.pcap
20351,九龍,1,0,1,55474828,-58347151,39,0,0,-29556,12,0,103510,-1,,1,1,0,5,1,176:0/30:255/-1:0/-1:0/-1:0/16:0/25:0/18:255,Logging in Tominox in Perth.pcap
20540,,2,0,1,62642121,-49082543,40,0,0,-2045,12,8,100463,400010,,,,,,,,Buttercup create clothes EF.pcap
20545,フォン・クリーグ,2,0,1,71176338,-61198695,742,0,0,-10084,4,0,100615,410057,280029/360006/280085/280090/280040,,,,,,,BATTLE 1.pcap
20562,,2,0,1,62639344,-49082836,172,-7,42,23330,8,0,100033,410057,-1,,,,,,,MASSIVE END BATTLE LOG.pcap
20730,,1,0,1,71200883,-61197779,3686,0,0,14527,7,0,100747,400005,-1,,,,,,,BATTLE 1.pcap
20756,DigDag,1,0,1,71205040,-61198591,889,0,0,26366,10,0,-1,-1,,2,1,0,0,1,0:0/30:255/-1:0/-1:0/-1:0/21:0/35:0/18:255,BATTLE 1.pcap
20783,,2,0,1,62639034,-49081822,231,0,0,19601,10,0,103728,-1,,,,,,,,Buttercup create clothes EF.pcap
20820,リアルしょうた,1,0,1,72533885,-59315178,311,0,0,-32505,7,0,102359,400027,-1,,,,,,,xenolog.pcap
20838,グレイ,2,0,1,64285986,-54613407,5064,0,0,-12633,5,0,100666,400009,-1,,,,,,,TEST Z GUNDAM.pcap
20867,,1,0,1,72533770,-59312983,449,0,0,1682,3,0,103669,-1,,,,,,,,EF Team Create.pcap
20996,,1,0,1,72534858,-59311256,315,0,0,-31706,11,8,103690,460004,,,,,,,,EF Team Create.pcap
21030,カート・コバーン,2,0,1,71183286,-61199930,828,0,0,-19255,7,0,102603,410035,280005/280021/280038,,,,,,,BATTLE 1.pcap
21195,,1,0,1,62637479,-49082551,77,0,0,8057,5,9,101249,410073,280082/-1/280125/280134,,,,,,,MASSIVE END BATTLE LOG.pcap
21204,,1,0,1,72533213,-59312127,355,0,0,-11645,8,4,103522,410006,,,,,,,,EF Team Create.pcap
21249,アルペジオ,1,0,1,55474445,-58347058,39,0,0,19678,5,0,100047,-1,,1,2,1,3,2,160:0/30:255/-1:0/2:8/1:8/19:0/25:0/10:0,Logging in Tominox in Perth.pcap
21353,くりねっくす,1,0,1,71184584,-61199053,828,0,0,-12654,5,0,103245,410073,280058/360023/280059/280128/280090/280053,,,,,,,BATTLE 1.pcap
21371,北谷勝弘,1,1,1,64289549,-54620724,2283,0,0,18362,4,89,100317,410024,280032/360002/280152/0/0/280003,,,,,,,LOG.pcap
21411,albatros,1,0,1,71204973,-61198474,881,0,0,-29985,7,0,103616,-1,,1,0,2,4,1,111:0/30:255/-1:0/-1:0/-1:0/9:105/20:0/11:0,BATTLE 1.pcap
21460,CAMEL83,1,0,1,71570759,-60097978,2435,0,0,-19947,9,0,100836,-1,,,,,,,,Dragoonith Log into Canberra.pcap
21511,グッドスピード,2,0,1,71182940,-61197383,823,0,0,-31823,4,48,100856,410058,280059/360003/280085/280068/280090,,,,,,,BATTLE 1.pcap
21550,evo6,2,0,1,71177669,-61198045,753,0,0,-15942,6,0,103367,410058,280125/360006/280085/280092,,,,,,,BATTLE 1.pcap
21598,,2,0,1,56916552,-54484315,2281,-29,-29,13487,7,64,100082,410058,,,,,,,,Purple tag Test Team X.pcap
21883,ランバ・ラル,2,0,1,71180534,-61198651,803,0,0,-14489,4,0,103558,410013,280043/360006/280042/280042/280042,,,,,,,BATTLE 1.pcap
21910,ノバ・レミュリア,1,0,1,71184079,-61195865,942,0,0,-17248,4,9,100596,410029,280018/-1/280044,,,,,,,BATTLE 1.pcap
21919,ユウパン,1,0,1,55474659,-58347215,177,0,0,-11633,4,0,101331,-1,,1,0,2,7,1,180:0/30:255/-1:0/-1:0/-1:0/21:0/20:0/7:0,Logging in Tominox in Perth.pcap
21941,,1,0,1,62637890,-49081909,2894,0,0,32732,4,0,102313,400005,-1,,,,,,,MASSIVE END BATTLE LOG.pcap
22245,,2,0,1,66387407,-59789952,35,0,0,32212,11,5,100875,400012,,,,,,,,UCGM Adel Light 2.pcap
22299,,2,0,1,62638359,-49081628,87,-40,17,5490,6,16,103578,410035,280073/280261,,,,,,,MASSIVE END BATTLE LOG.pcap
22301,,2,0,1,62637621,-49081864,86,-23,38,-13815,7,48,103578,410058,280085/360006/280059/280082/280090,,,,,,,MASSIVE END BATTLE LOG.pcap
22356,,2,0,1,66387478,-59790012,35,0,0,15719,11,5,-1,400012,,,,,,,,UCGM Adel Light 2.pcap
22437,,2,0,1,71176777,-61197769,690,0,0,-23660,7,0,100057,400012,-1,,,,,,,TEST 2.pcap
22466,,1,0,2,3389238,-2234876,935797,-1147,-9935,6991,8,0,100985,410053,,,,,,,,Team Message Recieved.pcap
22502,クリスティアーノロナウド,1,0,1,72533762,-59312407,315,0,0,2707,10,7,101440,400026,-1,,,,,,,xenolog.pcap
22689,,2,0,1,62639185,-49082317,39,0,0,-14240,4,0,103578,400012,-1,,,,,,,MASSIVE END BATTLE LOG.pcap
22698,,2,0,1,56919644,-54484426,2297,0,0,-21401,7,64,100983,410058,,,,,,,,Purple tag Test Team X.pcap
22773,撮影班,1,0,2,3392680,-2241680,933568,-6848,8465,-9084,0,0,-1,-1,,1,1,0,0,0,0:0/-1:0/-1:0/-1:0/-1:0/-1:0/-1:0/-1:0,Live Camera.pcap
22816,nomi,2,0,1,71181007,-61197231,815,0,0,-16726,6,0,101051,410007,280264/360006,,,,,,,BATTLE 1.pcap
22961,,1,0,1,72534517,-59311221,311,0,0,-6272,10,0,101644,400027,,,,,,,,EF Team Create.pcap
22988,,1,0,1,56919703,-54484456,2284,0,0,15600,4,10,103662,410030,,,,,,,,Purple tag Test Team X.pcap
23015,,1,0,1,72534077,-59313120,311,0,0,34,9,0,103280,-1,,,,,,,,EF Team Create.pcap
23186,,2,0,2,3395947,-2239996,925459,-7781,5954,-5498,8,0,100893,410057,,,,,,,,heat rod.pcap
23212,ばく,1,0,1,55474598,-58347285,177,0,0,-13348,7,0,103333,-1,,1,1,3,4,1,193:0/30:255/-1:0/-1:0/-1:0/-1:0/63:0/15:0,Logging in Tominox in Perth.pcap
23263,,1,0,1,62637241,-49089207,30,0,0,32680,5,0,100047,410073,280134/-1/280111/280111/280134,,,,,,,MASSIVE END BATTLE LOG.pcap
23265,,1,0,1,62637211,-49082749,77,0,0,-8155,4,0,103281,410073,,,,,,,,Reavo Blocks + Server announcement.pcap
23338,,2,0,2,3392945,-2240222,933178,-27146,1546,3825,7,0,-1,410069,,,,,,,,Gesture 2(ZSSAEO3).pcap
23399,ぐっち,2,0,1,71179789,-61197650,807,0,0,-15454,4,0,100594,410058,280059/360043/280035/280118/280040,,,,,,,BATTLE 1.pcap
23435,シゲ・雑用,1,0,1,72533524,-59313174,311,0,0,-4775,11,0,100903,-1,,2,1,0,1,1,165:0/-1:0/-1:0/-1:0/3:13/8:0/25:0/-1:0,ucgozonein wireshark.pcap
23554,安藤ナツ,2,0,1,71180611,-61197912,811,0,0,-15306,4,32,103295,410058,280118/360003/280085/280116/280090,,,,,,,BATTLE 1.pcap
23586,,1,0,2,-3413997,5688140,4203,-1899,-1901,13281,10,0,101144,410073,,,,,,,,Meldrum destroyed and dropped FL.pcap
23676,エイクマン,1,0,1,72533989,-59313156,311,0,0,-18236,7,0,101208,-1,,1,1,0,0,1,195:0/30:255/-1:0/3:5/2:11/21:0/71:0/10:0,ucgozonein wireshark.pcap
23772,バックアウト,2,0,1,71176488,-61197564,734,0,0,-30381,8,0,100057,410058,280116/360023/280111/280090/280040,,,,,,,TEST 2.pcap
23882,,1,0,1,56920498,-54483835,2258,0,0,22309,4,0,101076,-1,,,,,,,,Purple tag Test Team X.pcap
23895,,1,0,1,62638334,-49081462,77,0,0,18186,5,32,100047,410073,280058/360023/280044/280059/280101,,,,,,,MASSIVE END BATTLE LOG.pcap
23912,一般兵士A,2,0,1,73446428,-56290742,116,0,0,-15380,10,7,-1,410001,-1,,,,,,,NewChar Login.pcap
24044,,1,0,1,71569458,-60097670,2435,0,0,5826,11,4,101608,400027,,,,,,,,Dragoonith Log into Canberra.pcap
24088,,2,0,1,62638667,-49081650,37,0,0,19687,4,0,103578,400016,,,,,,,,MASSIVE END BATTLE LOG.pcap
24172,ダイナマイト和尚,2,0,1,71178397,-61197958,771,0,0,-13888,5,0,103821,410035,280114/280114/280122,,,,,,,BATTLE 1.pcap
24362,,1,0,1,55474716,-58347310,177,0,0,24719,8,0,103333,-1,,,,,,,,transfer lunatitaniumfrombankto781overweight.pcap
24384,,1,0,1,55473433,-58345194,43,0,0,90,10,0,101711,400011,,,,,,,,transfer lunatitaniumfrombankto781overweight.pcap
24548,hitomi,1,0,1,64280176,-54618993,2267,0,0,17071,11,0,103110,400012,-1,,,,,,,TEST.pcap
24589,damian,1,0,1,72533635,-59313184,311,0,0,362,8,0,-1,-1,,1,0,0,5,0,-1:0/69:71/-1:0/5:105/7:96/16:0/71:0/-1:0,xenolog.pcap
24669,オカッチ,1,0,1,72534073,-59313166,311,0,0,9531,9,0,-1,-1,,2,0,0,3,1,195:0/-1:0/-1:0/-1:0/-1:0/20:0/26:0/-1:0,xenolog.pcap
24682,トマ・ホーク,1,0,1,55474588,-58347150,39,0,0,-22537,8,0,100605,-1,,1,1,0,0,1,194:0/30:255/-1:0/-1:0/-1:0/20:0/35:0/18:255,Logging in Tominox in Perth.pcap
24710,ミリアム・マクドガル,2,0,1,71177507,-61197993,751,0,0,-12596,5,0,101255,410051,280069/280024/280024/280024,,,,,,,TEST 2.pcap
24794,Z,1,0,1,72533954,-59313039,449,0,0,726,8,0,-1,-1,,1,0,2,0,0,194:0/30:255/-1:0/-1:0/-1:0/16:0/35:0/18:255,xenolog.pcap
24832,リース・バヤ＠息子,2,0,1,71176882,-61198044,693,0,0,-24825,5,0,102634,460004,-1/280169/280169,,,,,,,BATTLE 1.pcap
24838,,2,0,1,62638006,-49081414,39,0,0,-25879,5,0,103405,-1,,2,1,3,1,0,120:0/30:255/0:3/1:11/2:6/9:0/22:0/11:0,MASSIVE END BATTLE LOG.pcap
25030,heppiri,2,0,1,71176895,-61197815,692,0,0,27727,10,0,-1,-1,,1,0,2,6,0,161:0/30:255/-1:0/-1:0/-1:0/17:0/22:0/18:255,BATTLE 1.pcap
25057,ジャシュガン,1,0,1,55474509,-58347135,39,0,0,29050,4,0,102347,-1,,1,2,2,0,1,105:0/30:255/0:2/2:68/0:66/16:0/63:0/8:0,Logging in Tominox in Perth.pcap
25085,,2,0,1,62633903,-49081038,86,-18,41,27648,4,64,103578,410058,280082/-1/280037/280037/280037,,,,,,,MASSIVE END BATTLE LOG.pcap
25087,,2,0,1,62633981,-49081656,40,0,0,-85,10,7,101963,400010,-1,,,,,,,Buttercup create clothes EF.pcap
25088,Ashura Temple,2,0,1,71181362,-61196645,947,-692,149,-16671,4,0,100682,430006,280164/280014,,,,,,,BATTLE 1.pcap
25185,iichiko,1,0,1,71195266,-61199335,1049,0,0,10362,4,0,101249,410005,280085/360000/280090,,,,,,,BATTLE 1.pcap
25206,,1,0,1,72533632,-59313164,311,0,0,-1375,4,0,-1,-1,,,,,,,,EF Team Create.pcap
25261,,2,0,1,73446888,-56289658,71,0,0,-18544,2,0,101406,-1,,,,,,,,TaxiEF2.pcap
25319,,2,0,1,62634525,-49055524,-16,0,0,934,7,0,-1,-1,,,,,,,,Earth To Space.pcap
25409,,1,0,1,72533994,-59312888,311,0,0,18371,8,0,101940,-1,,,,,,,,Create Team.pcap
25435,Wish,1,0,1,72533903,-59311209,310,0,0,-64,11,5,-1,400027,-1,,,,,,,xenolog.pcap
25444,Valkyrie,2,0,2,3389541,-2234068,936793,12926,8042,-22703,10,4,-1,400023,-1,,,,,,,Zaku F2A Dismantle Success.pcap
25455,ドロピー,2,0,1,71177003,-61197679,893,0,0,16112,8,0,103382,400009,-1,,,,,,,BATTLE 1.pcap
25484,ジャム,1,0,1,71184576,-61198515,828,0,0,-19339,7,32,102393,410073,280250/360003/280111/280059/280040/280104,,,,,,,BATTLE 1.pcap
25514,M吉,2,0,1,71176588,-61197696,734,0,0,-25926,5,0,101255,410026,280115/280074/-1/280020,,,,,,,BATTLE 1.pcap
25557,キラ・トマト,1,0,1,55474426,-58347113,39,0,0,-15174,9,0,-1,-1,,2,1,1,2,1,160:0/30:255/3:56/16:56/2:1/16:0/25:0/18:255,Logging in Tominox in Perth.pcap
25564,Ｆ・ロッチナ,2,0,1,71177482,-61197955,750,0,0,-14001,4,0,103367,410058,280085/360003/280059/280125/280044,,,,,,,BATTLE 1.pcap
25591,天地,1,0,1,55474574,-58347117,39,0,0,-7409,10,0,103333,-1,,1,2,0,3,1,160:0/30:255/-1:0/-1:0/-1:0/16:0/25:0/18:255,Logging in Tominox in Perth.pcap
25611,ゲロ口艦長,1,0,1,72534191,-59313099,315,0,0,-861,10,8,100556,460004,-1,,,,,,,xenolog.pcap
25637,クラウス,1,0,1,71570956,-60098061,2573,0,0,15106,9,0,100583,-1,,1,1,0,4,1,171:0/30:255/-1:0/-1:0/-1:0/8:10/25:0/10:0,Dragoonith Log into Canberra.pcap
25719,ターク,2,0,1,64288130,-54618882,2294,0,0,27352,8,0,100087,410030,280118/360023/280071/280202/280080/-1/280207,,,,,,,TEST.pcap
25758,,2,0,1,62638616,-49081877,39,0,0,8029,5,0,103503,-1,,,,,,,,MASSIVE END BATTLE LOG.pcap
25761,,1,0,1,62637771,-49082457,77,0,0,15457,4,48,100047,410073,,,,,,,,MASSIVE END BATTLE LOG.pcap
25772,,1,0,1,56919684,-54484552,2250,0,0,-6868,4,0,103796,-1,,,,,,,,Purple tag Test Team X.pcap
25782,バーモンド,2,0,1,71176884,-61197774,694,0,0,30995,4,0,101255,-1,,1,1,2,3,0,194:0/30:255/-1:0/1:0/0:0/38:0/71:0/24:0,BATTLE 1.pcap
25793,マックスウェル,2,0,1,71176716,-61197909,735,0,0,-22805,8,0,100615,410058,280058/360026/280116/280216/280118,,,,,,,BATTLE 1.pcap
25800,Ｓ・イチゴー,2,0,1,71178220,-61198159,765,0,0,-17297,5,0,103367,410058,280085/360026/280261/280059/280125,,,,,,,BATTLE 1.pcap
25844,,1,0,1,55472730,-58346295,39,0,0,-22170,11,0,-1,400012,,,,,,,,transfer lunatitaniumfrombankto781overweight.pcap
25895,,2,0,1,62639027,-49081527,87,0,0,16696,7,0,102048,410035,,,,,,,,MASSIVE END BATTLE LOG.pcap
25922,しの,1,0,1,71571033,-60098107,2435,0,0,7978,6,0,102959,-1,,1,0,2,3,2,160:0/3:0/-1:0/-1:0/-1:0/16:0/70:0/0:0,Dragoonith Log into Canberra.pcap
25958,,1,0,1,72533603,-59313221,311,0,0,88,5,0,-1,-1,,1,0,1,0,2,174:0/30:255/-1:0/4:7/6:5/20:0/63:0/1:0,Create Team.pcap
25995,ヘルダート,1,0,1,55474854,-58347163,39,0,0,20534,7,0,101929,-1,,1,2,2,3,0,102:0/30:255/1:7/1:8/0:1/20:0/43:0/24:0,Logging in Tominox in Perth.pcap
25997,,1,0,1,62637528,-49088835,135,0,0,19423,5,48,101249,410073,,,,,,,,MASSIVE END BATTLE LOG.pcap
26003,,1,0,2,3392346,-2238136,930281,-25972,-3303,27825,5,0,-1,410071,,,,,,,,TakeShield off.pcap
26011,,1,0,1,57289126,-58210126,1750,0,0,3330,13,0,-1,400012,,,,,,,,Dragoonith - Get in GOUF from HANGAR and PUT BACK IN.pcap
26107,リュート・ゲンケン,1,0,1,71196885,-61197574,810,0,0,9039,4,0,101711,410029,280073/360003/-1/280082/280002/280157,,,,,,,BATTLE 1.pcap
26157,Ricky,2,0,1,71176851,-61197629,740,0,0,25294,8,0,102852,410026,280074,,,,,,,BATTLE 1.pcap
26264,,2,0,2,3395966,-2239962,925359,-4465,-4299,-28088,5,0,101963,-1,,,,,,,,Weapon Tabs.pcap
26278,,2,0,1,56919713,-54484497,2287,-45,-2,2769,6,0,-1,410073,,,,,,,,Purple tag Test Team X.pcap
26345,サダ,1,0,1,55474667,-58347159,39,0,0,-20375,6,0,103672,-1,,,,,,,,Logging in Tominox in Perth.pcap
26399,,2,0,2,3392188,-2238133,932568,2696,4907,-22401,8,0,103697,400025,,,,,,,,heat rod.pcap
26420,,2,0,2,3394253,-2241308,930990,-12590,4677,-15263,4,0,103802,400021,,,,,,,,Journal Zeon Talk.pcap
26445,,2,0,1,66387563,-59790000,35,0,0,16370,10,5,100658,400012,,,,,,,,UCGM Adel Light 2.pcap
26517,タカ・メモリアス,2,0,1,71180167,-61198098,808,0,0,-19487,5,48,103558,410058,280082/360026/280058/280125/280068,,,,,,,BATTLE 1.pcap
26667,,2,0,1,66387549,-59790005,35,0,0,15706,10,5,103722,400012,,,,,,,,UCGM Adel Light 2.pcap
26684,,2,0,1,62638889,-49081724,41,0,0,32247,6,0,-1,-1,,,,,,,,Reavo Blocks + Server announcement.pcap
26706,松風,1,0,1,71176448,-61198522,674,0,0,-6030,4,0,102508,-1,,1,0,0,2,1,35:0/3:0/-1:0/3:1/1:8/17:0/11:0/18:255,BATTLE 1.pcap
26815,,2,0,1,71177344,-61197475,752,0,0,-8817,4,0,-1,410034,280102/280083/280115/280104,,,,,,,TEST 2.pcap
26855,アールズ@BRISBANE,2,0,1,64280211,-54619280,2315,0,0,17234,8,0,100666,410058,280118/360006/280125/280040/280116,,,,,,,TEST Z GUNDAM.pcap
26879,Shu r4,1,0,1,72533875,-59313202,311,0,0,358,0,0,-1,-1,,1,1,0,0,0,0:0/30:255/-1:0/-1:0/-1:0/-1:0/-1:0/18:255,xenolog.pcap
26888,,2,0,1,62634267,-49082982,38,0,0,-7647,11,4,101588,400027,,,,,,,,Buttercup create clothes EF.pcap
26952,Anna Scott,1,0,1,56912398,-54484288,2269,0,0,-12781,6,0,101474,410073,,,,,,,,Purple tag Test Team X.pcap
27024,,2,0,1,62638672,-49082179,39,0,0,8379,10,0,101741,-1,,,,,,,,MASSIVE END BATTLE LOG.pcap
27048,,2,0,1,71188814,-61196949,977,0,0,-19799,5,0,101128,410017,,,,,,,,TEST 2.pcap
27085,,2,0,1,66387365,-59789968,39,0,0,-32652,10,5,100010,400026,,,,,,,,UCGM Adel Light 1.pcap
27352,マスタング,2,0,1,71177037,-61197790,696,0,0,-30155,8,0,-1,-1,,1,1,1,4,1,121:0/30:255/-1:0/-1:0/-1:0/17:0/22:0/18:255,BATTLE 1.pcap
27434,,2,0,1,62638647,-49081852,39,0,0,17543,4,0,100658,-1,,,,,,,,MASSIVE END BATTLE LOG.pcap
27468,,2,0,1,71177400,-61198164,746,0,0,-17508,7,0,103632,410058,280085/360004/280040/280040/280029,,,,,,,TEST 2.pcap
27477,,2,0,1,62638845,-49082025,161,0,0,-31312,8,0,100010,-1,,2,0,3,7,1,-1:0/67:13/-1:0/16:0/1:35/16:0/35:0/18:255,Buttercup create clothes EF.pcap
27528,,2,0,1,71176927,-61197846,740,0,0,-22214,5,0,101588,410058,280040/360006/280259/280059/280118,,,,,,,TEST 2.pcap
27536,,2,0,1,66388949,-59790564,35,0,0,-12426,8,0,103458,-1,,,,,,,,UCGM Adel Light 1.pcap
27540,ゴースト,1,0,1,71184424,-61200226,831,0,0,-28345,8,32,102540,410005,280035/360002/280059/280022/280251/-1,,,,,,,BATTLE 1.pcap
27595,ＯＲＤＮＡＮＣＥ,1,0,1,71202143,-61197722,3691,0,0,14513,5,0,102843,400005,-1,,,,,,,BATTLE 1.pcap
27678,,2,0,1,62638782,-49081882,646,0,0,31642,5,0,101490,400009,-1,,,,,,,MASSIVE END BATTLE LOG.pcap
27723,,2,0,1,62637934,-49082330,38,0,0,28704,7,0,101490,400016,-1,,,,,,,MASSIVE END BATTLE LOG.pcap
27768,はなくま,1,0,1,55474653,-58347206,177,0,0,8522,5,0,101331,-1,,1,1,1,3,0,194:0/30:255/-1:0/-1:0/-1:0/17:0/71:0/18:255,Logging in Tominox in Perth.pcap
27835,T'Pol,2,0,1,73446057,-56290512,75,0,0,408,9,3,101654,400026,-1,,,,,,,Zoning in  Zeon.pcap
27896,ブレイズ,1,0,1,56912523,-54484146,2271,0,0,-18052,6,0,101417,410005,,,,,,,,Purple tag Test Team X.pcap
27949,,2,0,1,66387406,-59789978,35,0,0,32495,10,0,-1,400027,,,,,,,,UCGM Adel Light 2.pcap
28027,出雲,1,0,1,55474559,-58347183,39,0,0,11354,9,0,103776,-1,,2,1,2,3,1,194:0/-1:0/-1:0/-1:0/-1:0/16:0/18:0/-1:0,Logging in Tominox in Perth.pcap
28270,,1,0,1,55474609,-58347186,39,0,0,15806,12,0,-1,-1,,,,,,,,transfer lunatitaniumfrombankto781overweight.pcap
28384,KAORU,1,0,1,71179000,-61197337,3671,0,0,15970,7,0,100089,400005,-1,,,,,,,BATTLE 1.pcap
28486,バーニー,2,0,1,71177047,-61197780,696,0,0,2444,5,0,-1,-1,,1,1,0,3,1,195:0/30:255/-1:0/-1:0/-1:0/17:0/37:0/18:255,BATTLE 1.pcap
28530,バートレット,1,0,1,72534069,-59312959,311,0,0,-31929,8,0,102540,-1,,1,0,2,5,2,194:0/-1:0/-1:0/-1:0/-1:0/16:0/35:0/-1:0,xenolog.pcap
28538,,1,0,1,56912286,-54484215,2233,0,0,-27939,10,0,101331,-1,,,,,,,,Purple tag Test Team X.pcap
28686,,1,0,1,56913314,-54483530,2275,0,0,-16258,4,0,103796,410043,,,,,,,,Purple tag Test Team X.pcap
28768,,2,0,1,62638258,-49082791,235,0,0,19650,7,0,101490,410073,280072/360003/280118/280125/280111/280104,,,,,,,MASSIVE END BATTLE LOG.pcap
29046,フェブ,2,0,1,71194891,-61196442,833,0,0,-16791,4,0,101255,410029,280059/360003/280111/280068/280090,,,,,,,TEST 2.pcap
29060,,1,0,2,-3424442,5688574,-215,-3302,5650,-23139,10,0,101396,-1,,,,,,,,megellan space destroyed by buttercup.pcap
29109,,1,0,1,68944367,-52883378,1746,0,0,2330,9,0,-1,-1,,,,,,,,Richmond.pcap
29234,よっちゃん,2,0,1,62634605,-49081090,38,0,0,-9720,11,7,101490,400027,,,,,,,,Buttercup create clothes EF.pcap
29235,ナイト,1,0,1,71184135,-61197576,3581,0,0,-16896,7,0,-1,400005,-1,,,,,,,BATTLE 1.pcap
29357,,1,0,1,71194092,-61196381,1001,0,0,-16186,7,0,101477,410074,280019/280165/280066/280012/280003,,,,,,,TEST 2.pcap
29397,カオリ・トクダ,1,0,1,64288106,-54618659,2261,0,0,-14362,5,0,-1,-1,,2,1,2,1,0,194:0/30:255/-1:0/-1:0/-1:0/16:0/26:0/18:255,TEST Z GUNDAM.pcap
29563,山本正章,1,0,1,71184077,-61195629,2733,0,0,-17859,4,0,101076,400005,-1,,,,,,,BATTLE 1.pcap
29611,,2,0,1,62638741,-49081763,39,0,0,-27366,10,0,102249,-1,,,,,,,,MASSIVE END BATTLE LOG.pcap
29615,凹凹,1,0,1,71204913,-61198535,882,0,0,-18255,10,0,101648,-1,,,,,,,,BATTLE 1.pcap
29626,ペペ,1,0,1,72533739,-59312716,348,0,0,-14128,4,0,102995,410024,280068/360002/280071/280152,,,,,,,xenolog.pcap
29628,,1,0,1,62640362,-49081823,2839,0,0,-16021,4,0,101306,400005,-1,,,,,,,MASSIVE END BATTLE LOG.pcap
29765,,1,0,1,71194766,-61196503,837,0,0,-15921,8,0,101477,410036,,,,,,,,TEST 2.pcap
29794,,2,0,1,62638673,-49081111,222,0,0,-3952,5,9,100153,410058,280085/360026/280030/280261/280261,,,,,,,MASSIVE END BATTLE LOG.pcap
29841,,2,0,1,71176873,-61198246,687,0,0,24298,7,0,102499,-1,,1,1,3,2,0,194:0/14:1/3:0/1:3/0:14/16:0/35:0/0:0,TEST 2.pcap
29845,,1,0,1,71192949,-61197821,968,0,0,14991,5,0,101474,410073,,,,,,,,TEST 2.pcap
29899,,1,0,1,72534353,-59313090,349,0,0,-24070,8,8,103280,410074,,,,,,,,EF Team Create.pcap
30006,asuka kanou,1,0,1,71205521,-61198367,893,0,0,-9543,4,0,103586,-1,,1,0,0,4,0,194:0/30:255/0:10/1:10/2:10/16:0/35:0/23:0,BATTLE 1.pcap
30042,,2,0,1,62638574,-49081882,39,0,0,8047,9,0,101687,-1,,1,1,0,0,1,26:0/-1:0/-1:0/-1:0/-1:0/9:33/22:0/18:255,MASSIVE END BATTLE LOG.pcap
30218,平成破廉恥学園,1,0,1,72533738,-59312911,644,0,0,5312,10,0,-1,400005,-1,,,,,,,xenolog.pcap
30244,シノン,1,0,1,72533681,-59313033,492,0,0,3320,5,0,101968,410060,280009/-1/280255/280037/280053/280159,,,,,,,xenolog.pcap
30245,Yasu Sugimura,1,0,1,71570476,-60098328,2435,0,0,-10278,7,0,101691,-1,,,,,,,,Dragoonith Log into Canberra.pcap
30249,,1,0,1,56912486,-54484207,2233,0,0,1230,8,0,103008,-1,,,,,,,,Purple tag Test Team X.pcap
30285,Miyotch,2,0,1,62638298,-49081996,39,0,0,-18945,8,0,100463,-1,,1,0,2,4,2,-1:0/27:0/-1:0/6:11/1:0/-1:0/-1:0/9:0,MASSIVE END BATTLE LOG.pcap
30473,Justin Naitomea,1,0,1,64287807,-54618527,2295,0,0,-16147,6,0,103021,410029,280008/360003/280044/-1,,,,,,,LOG3.pcap
30480,,2,0,1,71176914,-61198167,737,0,0,25531,7,0,102499,410035,280212/280038/280038,,,,,,,TEST 2.pcap
30556,,2,0,1,62638652,-49082163,39,0,0,-23538,4,0,103503,-1,,,,,,,,MASSIVE END BATTLE LOG.pcap
30569,健一郎,1,0,1,71184155,-61201594,815,0,0,-21838,4,0,101144,410073,280111/-1/280134/280090/280090/280003,,,,,,,BATTLE 1.pcap
30604,,1,0,1,72534094,-59311573,349,0,0,-2760,6,0,101005,410073,280058/-1/280082/280111/280111/280003,,,,,,,Create Team.pcap
30875,ファブリーズ,2,0,1,71177118,-61197860,744,0,0,-23168,4,0,-1,410058,280085/360026/280073/280040/280030,,,,,,,TEST 2.pcap
30896,Hercules,1,0,1,71184814,-61199511,834,0,0,-7741,5,48,102393,410005,280059/360023/280058/280068/280094,,,,,,,BATTLE 1.pcap
30900,,1,0,1,62638629,-49083616,2841,0,0,32570,5,0,102396,400005,-1,,,,,,,MASSIVE END BATTLE LOG.pcap
31272,アルベルト,2,0,1,71176964,-61197807,741,0,0,28570,4,0,102549,410058,280061/360026/280116,,,,,,,BATTLE 1.pcap
31305,,2,0,1,62638628,-49082055,39,0,0,1455,10,0,103503,-1,,,,,,,,MASSIVE END BATTLE LOG.pcap
31310,RUI,1,0,1,71204969,-61198573,886,0,0,-29474,2,0,-1,-1,,2,1,0,1,2,128:0/-1:0/1:7/-1:0/-1:0/-1:0/18:0/-1:0,BATTLE 1.pcap
31509,,2,0,1,62634602,-49081083,38,0,0,-9888,10,7,103374,400012,,,,,,,,Buttercup create clothes EF.pcap
31516,,1,0,1,72533922,-59312920,311,0,0,-1329,7,0,-1,-1,,,,,,,,EF Team Create.pcap
31544,ぱろっぴ,1,0,1,71205410,-61198339,934,0,0,-12530,4,0,102415,410034,-1/280024/280033/280003,,,,,,,BATTLE 1.pcap
31576,,1,0,1,72533821,-59312402,315,0,0,3349,3,0,-1,460004,,,,,,,,EF Team Create.pcap
31597,dankon,1,0,1,71185021,-61196685,831,0,0,-25948,5,0,103353,410073,280101/360040/280118/280118/280111/280104,,,,,,,BATTLE 1.pcap
31692,,1,0,1,55474331,-58347093,55,0,0,-16295,10,0,103152,-1,,,,,,,,transfer lunatitaniumfrombankto781overweight.pcap
31715,,2,0,1,62637970,-49081069,38,0,0,10242,11,0,102249,400012,,,,,,,,MASSIVE END BATTLE LOG.pcap
31822,,1,0,1,72533413,-59312929,311,0,0,-23938,5,0,102792,-1,,,,,,,,EF Team Create.pcap
31846,あご助,1,0,1,71204988,-61198287,909,0,0,58,4,0,100747,410073,280059/360020/280090/280118/-1/280053,,,,,,,TEST 2.pcap
31857,まちねこ,1,0,1,72535506,-59311858,312,0,0,-24182,7,0,103280,400012,-1,,,,,,,xenolog.pcap
31948,Bubbly Aoi,1,0,1,71570818,-60098058,2573,0,0,30136,5,0,101249,-1,,,,,,,,Dragoonith Log into Canberra.pcap
32028,,2,0,1,62635834,-49080714,86,0,0,18079,7,32,102048,410058,280259/360006/280059/280080/280044,,,,,,,MASSIVE END BATTLE LOG.pcap
32030,,1,0,1,57286849,-58207678,1890,0,0,16694,4,0,101286,-1,,,,,,,,Dragoonith - Get in GOUF from HANGAR and PUT BACK IN.pcap
32062,,2,0,1,62638463,-49081763,39,0,0,20088,3,0,103313,-1,,,,,,,,MASSIVE END BATTLE LOG.pcap
32081,Alex,1,0,1,71570866,-60098073,2573,0,0,-25938,7,0,100089,-1,,,,,,,,Dragoonith Log into Canberra.pcap
32084,,2,0,1,62638895,-49081672,39,0,0,-30522,10,0,100658,-1,,,,,,,,MASSIVE END BATTLE LOG.pcap
32277,CounterTerrorist,1,0,1,71184556,-61198445,828,0,0,-20011,7,0,103245,410073,280058/-1/280111/280101/280111,,,,,,,BATTLE 1.pcap
32377,紅い狐のシャア,2,0,1,71180319,-61198274,963,0,0,-16837,4,0,101978,410005,280134/360000/280262/280111/280094/280003,,,,,,,BATTLE 1.pcap
32449,Garnet,2,0,1,71176845,-61197825,691,0,0,21470,10,0,102608,-1,,2,2,0,2,0,121:0/68:7/-1:0/17:96/1:7/38:0/7:0/18:255,BATTLE 1.pcap
32549,,1,0,1,56912315,-54484100,2234,0,0,17774,9,0,103506,-1,,,,,,,,Purple tag Test Team X.pcap
32662,パンキーモンチ,1,0,1,72536033,-59312155,310,0,0,9557,11,0,-1,400027,,,,,,,,ucgozonein wireshark.pcap
32771,Flex,1,0,1,55474675,-58347085,44,0,0,30635,1,0,-1,-1,,,,,,,,Logging in Tominox in Perth.pcap
33025,,1,0,1,57286950,-58207593,1750,0,0,-31897,10,0,103674,-1,,,,,,,,Dragoonith - Get in GOUF from HANGAR and PUT BACK IN.pcap
33033,加藤大治郎,1,0,1,71184679,-61196391,829,0,0,-4878,4,0,101144,410005,280009/360000/280251/280044/280008,,,,,,,BATTLE 1.pcap
33048,ケンタ・ヒロノ,1,0,1,57286746,-58207929,1888,0,0,-16264,4,0,-1,-1,,1,0,0,2,2,-1:0/30:255/0:14/1:10/2:1/-1:0/56:0/18:255,Tomino X loginto Southern Cross.pcap
33103,,1,0,1,72533836,-59312407,315,0,0,-3017,3,3,-1,400011,,,,,,,,Create Team.pcap
33122,,1,0,1,56912314,-54484018,2269,0,0,-20368,5,48,103280,410030,,,,,,,,Purple tag Test Team X.pcap
33153,Rie,2,0,1,71177656,-61198294,751,0,0,-15481,7,0,-1,410051,280074/280074/280074/-1/280206,,,,,,,BATTLE 1.pcap
33169,,2,0,2,3393055,-2241082,932577,-17258,9194,30367,0,0,-1,410072,,,,,,,,Team Invite (He Accepted).pcap
33208,,1,0,1,68952068,-52884222,1759,0,0,-28937,10,0,100060,-1,,,,,,,,Richmond.pcap
33286,,1,0,1,72533967,-59312876,311,0,0,-25607,4,0,102532,-1,,,,,,,,EF Team Create.pcap
33301,,2,0,1,66389169,-59790511,35,0,0,-17757,9,0,-1,-1,,,,,,,,UCGM Adel Light 2.pcap
33352,ウコン,2,0,1,71178737,-61199334,766,0,0,-18019,8,0,-1,410013,280114/360006/280114/-1/-1,,,,,,,BATTLE 1.pcap
33362,ウィンターズ,2,0,1,71180662,-61198509,805,0,0,-19885,5,0,-1,410013,280114/360006/280098/280092/-1,,,,,,,BATTLE 1.pcap
33415,ヒロ,2,0,1,71176947,-61197913,759,0,0,3670,4,64,102634,410058,280101/-1/280082/280090/280085,,,,,,,BATTLE 1.pcap
33423,スモーキン・クール,2,0,1,71176831,-61197818,738,0,0,-21914,8,0,-1,410026,280074/280074/280206/280070,,,,,,,TEST 2.pcap
33455,,2,0,1,66389396,-59789034,39,0,0,-16094,8,0,-1,400026,,,,,,,,UCGM Adel Light 2.pcap
33475,たかみね,1,0,1,55475162,-58347465,73,0,0,8495,9,0,102673,410029,280250/360023/280059/280215,,,,,,,Logging in Tominox in Perth.pcap
33609,ミリアリア,1,0,1,72534742,-59315108,315,0,0,-17379,10,0,102850,400026,-1,,,,,,,xenolog.pcap
33681,Alaron Morreaux,2,0,1,64290673,-54620935,5102,0,0,-24334,7,0,103692,400009,-1,,,,,,,TEST Z GUNDAM.pcap
33794,Double Par,1,0,1,72533866,-59313009,483,0,0,865,4,0,102415,410036,280079/-1/280082,,,,,,,xenolog.pcap
33812,ATROPOS,1,0,1,72534072,-59312869,311,0,0,29364,10,0,-1,-1,,2,1,0,2,1,128:0/30:255/-1:0/-1:0/-1:0/8:50/18:0/18:255,xenolog.pcap
34006,鷹幸,2,0,1,71183995,-61198052,835,0,0,-15913,5,32,102397,410058,280073/360006/280032/280261/280261,,,,,,,BATTLE 1.pcap
34177,rygar,2,0,1,71183447,-61197663,827,0,0,-20238,5,16,102965,410034,280024/280069/280166/280053,,,,,,,BATTLE 1.pcap
34188,,2,0,1,56919975,-54485206,2289,0,0,9048,5,0,102130,410023,,,,,,,,Purple tag Test Team X.pcap
34266,ニト黄門,1,0,1,72533653,-59312868,311,0,0,-10898,5,0,102995,-1,,1,0,0,3,1,160:0/-1:0/-1:0/-1:0/-1:0/16:0/69:0/24:0,xenolog.pcap
34416,Shoddy Goldrider,1,0,1,64288000,-54618570,2261,0,0,11588,7,0,101477,-1,,1,1,0,5,0,192:0/17:0/-1:0/3:8/1:3/14:0/68:0/0:0,LOG.pcap
34445,,1,0,1,72533526,-59313845,315,0,0,-30751,8,0,101863,400026,,,,,,,,EF Team Create.pcap
34501,マーズ,2,0,1,62638815,-49082430,87,0,0,-26850,7,0,100658,410058,280004/-1/280211/280039/280039,,,,,,,Buttercup create clothes EF.pcap
34506,越後屋の娘 おりん,1,0,1,72533319,-59311837,310,0,0,-12647,9,4,102070,400012,-1,,,,,,,xenolog.pcap
34824,,2,0,1,56918813,-54484129,2467,0,0,-24015,7,48,100115,410005,,,,,,,,Purple tag Test Team X.pcap
35026,dora,2,0,1,64285235,-54613314,5063,0,0,-12573,7,0,102935,400009,-1,,,,,,,TEST Z GUNDAM.pcap
35255,memo,1,0,1,57289743,-58208572,1754,0,0,-21473,11,0,-1,460004,280014/280169/280173,,,,,,,Tomino X loginto Southern Cross.pcap
35386,エッチャン,1,0,1,72534212,-59313527,314,0,0,14376,8,16,-1,460005,-1/280169/280169,,,,,,,xenolog.pcap
35525,,2,0,1,62638399,-49082163,39,0,0,27423,8,0,102048,-1,,,,,,,,MASSIVE END BATTLE LOG.pcap
35581,かりあげくん,1,0,1,72534853,-59311271,311,0,0,-25015,8,0,-1,-1,,,,,,,,ucgozonein wireshark.pcap
35591,PHILIP MORRIS,1,0,1,71204911,-61198535,882,0,0,-18254,10,0,103262,-1,,,,,,,,BATTLE 1.pcap
35648,p's factory,1,0,1,72534040,-59312973,311,0,0,174,8,0,-1,-1,,2,0,1,0,1,-1:0/70:96/-1:0/13:96/4:7/16:0/-1:0/22:0,xenolog.pcap
35750,,1,0,1,57286909,-58207971,1750,0,0,15085,10,0,-1,-1,,,,,,,,Dragoonith - Get in GOUF from HANGAR and PUT BACK IN.pcap
35778,,2,0,1,62638901,-49081721,39,0,0,32148,10,0,103605,-1,,,,,,,,Buttercup create clothes EF.pcap
36049,Godolphin,1,0,1,71204956,-61198601,4049,0,0,26357,10,0,102946,400005,-1,,,,,,,Sold 1 EF MS-MA emergency tool kit lv3.pcap
36067,かしむ,1,0,1,71184665,-61198779,828,0,0,29503,5,0,103245,410073,280058/360024/280111/280101/280101,,,,,,,BATTLE 1.pcap
36223,宇宙ネズミ,1,0,1,72535289,-59311501,310,0,0,16425,8,0,101111,400027,-1,,,,,,,xenolog.pcap
36273,kain,1,0,1,71196151,-61197258,842,0,0,10174,4,0,102393,410051,280112/280112/280069/280069/280129,,,,,,,BATTLE 1.pcap
36379,,2,0,2,3392967,-2240702,933143,670,-3689,17631,5,0,101909,-1,,,,,,,,Alaron invite to team  light refuse (i refused2.pcap
36384,ロン・シャルマ,1,0,1,72533568,-59312997,449,0,0,56,7,0,101603,-1,,1,1,1,1,1,194:0/15:5/-1:0/3:6/5:10/16:0/-1:0/18:255,xenolog.pcap
36386,,2,0,1,62638855,-49082307,39,0,0,16599,8,0,-1,-1,,,,,,,,MASSIVE END BATTLE LOG.pcap
36416,,2,0,1,66387491,-59789954,209,0,0,22400,10,5,-1,410013,,,,,,,,UCGM Adel Light 2.pcap
36666,鈴木孫次,2,0,1,71176860,-61198035,734,0,0,-16157,8,0,101338,410001,-1,,,,,,,BATTLE 1.pcap
36782,Shin,1,0,1,55474487,-58347111,39,0,0,32334,9,0,-1,-1,,1,2,0,0,1,0:0/-1:0/-1:0/-1:0/-1:0/-1:0/-1:0/-1:0,Logging in Tominox in Perth.pcap
36807,Hiroro,2,0,1,71181189,-61196343,825,0,0,-6890,5,0,101687,410013,280056/360006/-1/280042/280042,,,,,,,BATTLE 1.pcap
36822,,1,0,1,68951940,-52884389,1759,0,0,6803,9,0,-1,-1,,,,,,,,Richmond.pcap
36854,,1,0,1,68951945,-52884067,1759,0,0,1093,5,0,102070,-1,,,,,,,,Richmond.pcap
36888,ボギー,1,0,1,57286646,-58207700,1750,0,0,-29992,8,0,102415,-1,,1,0,0,3,1,160:0/-1:0/-1:0/-1:0/-1:0/16:0/25:0/0:0,Tomino X loginto Southern Cross.pcap
36910,春雄＠,1,0,1,64287959,-54618711,2261,0,0,-1623,4,0,-1,-1,,,,,,,,Ground engagement 0.1 + Tactics 0.1 + shooting 0.4+shell weapon 0.1 + weapon manipulation 0.1.pcap
37032,,1,0,1,72533987,-59315212,312,0,0,32699,9,0,102532,400027,,,,,,,,Create Team.pcap
37054,,2,0,1,66387552,-59790225,35,0,0,5716,10,5,103607,400027,,,,,,,,UCGM Adel Light 2.pcap
37227,,1,0,1,62637393,-49083649,77,0,0,-13996,5,48,100047,410073,,,,,,,,MASSIVE END BATTLE LOG.pcap
37228,,2,0,1,62638685,-49081626,39,0,0,-26290,6,0,101128,-1,,,,,,,,MASSIVE END BATTLE LOG.pcap
37250,BlackBIrd,1,0,1,71570632,-60098116,2573,0,0,6466,9,0,102540,-1,,,,,,,,Dragoonith Log into Canberra.pcap
37299,A tu,1,0,1,71205036,-61198540,886,0,0,12578,4,0,102393,-1,,1,0,2,4,0,194:0/15:10/0:10/2:10/2:10/16:0/35:0/24:0,BATTLE 1.pcap
37439,,2,0,1,66389240,-59790510,35,0,0,645,10,0,103439,-1,,,,,,,,UCGM Adel Light 2.pcap
37510,,2,0,1,62638469,-49080854,39,0,0,29343,8,0,102088,-1,,2,1,0,2,2,65:0/30:255/-1:0/-1:0/0:2/-1:0/16:0/18:255,MASSIVE END BATTLE LOG.pcap
37528,,1,0,1,57289658,-58208876,1750,0,0,-10038,10,0,-1,-1,,,,,,,,Dragoonith - Get in GOUF from HANGAR and PUT BACK IN.pcap
37570,,2,0,1,71180534,-61197297,816,0,0,-7641,8,0,-1,410058,280096/360006/280018/280018/280114,,,,,,,BATTLE 1.pcap
37670,Ｎ星人,2,0,1,55477556,-58347705,21,0,0,13625,4,0,103558,-1,,2,1,3,3,0,181:0/-1:0/-1:0/-1:0/1:0/17:0/62:0/9:0,Logging in Tominox in Perth.pcap
37855,Spitfire,1,0,1,55474619,-58347127,39,0,0,-30436,3,0,-1,-1,,2,1,1,1,1,192:0/-1:0/-1:0/-1:0/1:49/4:0/15:0/3:0,Logging in Tominox in Perth.pcap
37933,,1,0,1,55474112,-58346702,43,0,0,6080,9,16,-1,460004,,,,,,,,transfer lunatitaniumfrombankto781overweight.pcap
38242,,2,1,2,3395251,-2240697,927790,-8905,-207,14148,7,0,-1,400022,,,,,,,,Live Camera.pcap
38269,Wildcat,1,0,1,72533562,-59313051,449,0,0,-477,8,0,102540,-1,,2,1,2,1,2,194:0/-1:0/-1:0/-1:0/-1:0/16:0/71:0/23:0,xenolog.pcap
38328,,2,0,1,62636655,-49086730,46,0,0,-1429,4,0,102048,410005,280058/360040/280090/280090/280114/280053,,,,,,,MASSIVE END BATTLE LOG.pcap
38409,,2,0,2,3393290,-2240694,932104,-22760,919,27814,2,0,-1,410021,,,,,,,,Oggo Put In Hangar (I put into hangar).pcap
38442,,2,0,1,66390705,-59787028,79,3,43,24549,0,0,-1,410008,,,,,,,,UCGM Adel Light 2.pcap
38610,,1,0,1,56919644,-54484607,2250,0,0,225,4,0,101947,-1,,,,,,,,Purple tag Test Team X.pcap
38646,,2,0,1,71176815,-61197961,689,0,0,-5475,1,0,101338,-1,,1,1,0,3,2,16:0/-1:0/-1:0/-1:0/-1:0/-1:0/-1:0/-1:0,TEST 2.pcap
38861,,1,1,1,62637082,-49089616,30,0,0,31772,4,32,101306,410005,280058/360023/280111/280032/280009,,,,,,,MASSIVE END BATTLE LOG.pcap
38870,Zeirnaton,2,0,1,64272501,-54620145,2298,0,0,17310,4,48,103691,410030,280009/360002/280030/280039/280021/280053/280207,,,,,,,TEST Z GUNDAM.pcap
38883,,1,0,1,71204985,-61198248,875,0,0,-8187,4,0,-1,-1,,,,,,,,Bought RGM-79.pcap
38887,Hot Milk,1,0,1,71202304,-61195930,3671,0,0,8452,9,0,-1,400005,-1,,,,,,,TEST 2.pcap
38910,トロ,1,0,1,57286851,-58207986,1750,4,-4,22350,4,0,102467,-1,,1,1,1,5,1,194:0/30:255/0:10/1:9/0:4/16:0/35:0/18:255,Tomino X loginto Southern Cross.pcap
39015,波乱万丈,2,0,1,71184128,-61197596,836,0,0,-18407,4,0,102008,410058,280080/360006/280056/280073/280040,,,,,,,BATTLE 1.pcap
39043,,2,0,1,66389184,-59790678,35,0,0,21310,11,0,-1,-1,,,,,,,,UCGM Adel Light 2.pcap
39044,,2,0,1,62638769,-49081712,39,0,0,15618,1,0,102714,-1,,,,,,,,MASSIVE END BATTLE LOG.pcap
39226,,1,0,1,56912148,-54484250,2276,0,0,-31995,4,0,101474,410006,,,,,,,,Purple tag Test Team X.pcap
39441,,1,0,1,56912392,-54484134,2234,0,0,-21041,6,0,103169,-1,,,,,,,,Purple tag Test Team X.pcap
39459,ＭＡＸＩＭＵＭ,1,0,1,71570945,-60098106,2610,0,0,5455,4,0,101249,410073,,,,,,,,Dragoonith Log into Canberra.pcap
39495,akonoko,2,0,1,71177025,-61197633,697,0,0,-30014,5,0,102328,-1,,2,0,1,1,0,195:0/-1:0/-1:0/-1:0/-1:0/17:0/37:0/10:0,BATTLE 1.pcap
39595,ベルグ,2,0,1,71178404,-61197947,771,0,0,-12496,6,32,102636,410057,280008/360043/280040/280042/280030,,,,,,,BATTLE 1.pcap
39609,,1,0,1,56919578,-54484935,2288,0,0,-31393,4,0,102210,410042,280044/360003/280044,,,,,,,Purple tag Test Team X.pcap
39654,Flanker,1,0,1,72533587,-59313080,449,0,0,-788,4,0,101111,-1,,1,2,3,6,1,194:0/66:102/-1:0/6:100/2:104/16:0/27:0/16:0,xenolog.pcap
39681,鴇,1,0,1,64288133,-54618827,2261,0,0,13997,10,0,101062,-1,,2,1,0,3,0,160:0/30:255/-1:0/-1:0/-1:0/19:0/25:0/18:255,TEST Z GUNDAM.pcap
39822,ﾖｯﾁｬﾝ,2,0,1,62638781,-49083906,2838,0,0,31525,8,0,101490,400009,-1,,,,,,,MASSIVE END BATTLE LOG.pcap
39854,,1,0,1,72534034,-59313175,310,0,0,9814,8,0,-1,400012,,,,,,,,EF Team Create.pcap
39864,,2,0,1,62639097,-49082235,88,0,0,-25434,7,0,-1,410035,,,,,,,,MASSIVE END BATTLE LOG.pcap
39869,ガンちゃん,1,0,1,72533507,-59313188,311,0,0,-13484,6,0,-1,-1,,,,,,,,ucgozonein wireshark.pcap
40116,kazk,1,0,1,71185045,-61199380,833,0,0,-18481,5,0,102415,410030,280018/360003/280021/280044/280044,,,,,,,BATTLE 1.pcap
40148,,1,0,1,71204807,-61198428,893,0,0,14229,7,0,101552,-1,,,,,,,,BATTLE 1.pcap
40183,塵,1,0,1,57289707,-58209018,1750,0,0,-3637,11,0,-1,-1,,1,1,0,0,0,32:0/16:0/-1:0/-1:0/-1:0/-1:0/55:0/-1:0,Tomino X loginto Southern Cross.pcap
40198,,1,0,1,56912324,-54484115,2234,0,0,17781,7,0,102433,-1,,,,,,,,Purple tag Test Team X.pcap
40224,Blau,1,0,1,55474602,-58347037,76,-36,26,-18819,5,0,101585,410024,280096/360003/280200/280225/280215/280053,,,,,,,Logging in Tominox in Perth.pcap
40237,FourChairs,1,0,1,57286851,-58207989,1750,0,0,16644,5,0,102467,-1,,2,1,0,1,0,194:0/30:255/-1:0/-1:0/-1:0/17:0/35:0/18:255,Tomino X loginto Southern Cross.pcap
40248,Nightmare Shade,2,0,1,64280878,-54618933,2306,0,0,17467,8,32,103691,410073,280120/360006/280131/280023,,,,,,,LOG.pcap
40297,,1,0,1,55476526,-58346054,2836,0,0,-11703,8,0,100291,400005,,,,,,,,transfer lunatitaniumfrombankto781overweight.pcap
40373,,1,0,1,55472801,-58346397,39,0,0,8848,10,0,-1,400012,,,,,,,,transfer lunatitaniumfrombankto781overweight.pcap
40378,,2,0,1,62638714,-49081991,39,0,0,-25760,7,0,-1,-1,,,,,,,,Buttercup create clothes EF.pcap
40483,,1,0,1,64287922,-54618418,2298,0,0,22055,8,0,100583,410005,,,,,,,,100mm MG cartridge empty.pcap
40484,,1,0,1,62638264,-49089865,246,0,0,-31864,6,48,103703,410005,280082/360003/280059/280125/280261,,,,,,,MASSIVE END BATTLE LOG.pcap
40509,ぐりぐら,1,0,1,57286722,-58207583,1888,0,0,-15581,8,0,-1,-1,,1,2,0,0,2,73:0/5:0/0:11/1:5/0:3/-1:0/0:2/1:0,Tomino X loginto Southern Cross.pcap
40532,とめ,2,0,1,71177147,-61197883,744,0,0,14159,4,0,-1,410058,280085/360026/280059,,,,,,,TEST 2.pcap
40663,北海道クリームシチュー,2,0,1,71176964,-61197851,693,0,0,31420,4,0,101255,-1,,1,2,1,5,1,195:0/14:64/0:69/1:81/0:69/17:0/37:0/24:0,TEST 2.pcap
40715,CROW,1,0,1,72535140,-59310863,311,0,0,-521,2,0,-1,400012,-1,,,,,,,xenolog.pcap
41008,,1,0,1,55473869,-58346959,76,0,0,-32068,9,0,103227,410024,280200/360004/280096/280007/280044,,,,,,,transfer lunatitaniumfrombankto781overweight.pcap
41138,Yasyaoh,1,0,1,71204893,-61198600,918,0,0,-29982,3,0,-1,400005,-1,,,,,,,BATTLE 1.pcap
41193,ティファ・ロックハート,1,0,1,55474527,-58347193,39,0,0,-30940,7,0,102327,-1,,2,1,1,2,1,-1:0/69:96/-1:0/15:96/0:2/-1:0/62:0/18:255,Logging in Tominox in Perth.pcap
41267,,2,0,1,62638655,-49082104,39,0,0,8219,4,0,103503,-1,,,,,,,,MASSIVE END BATTLE LOG.pcap
41285,marbles,2,0,1,71188007,-61198035,3686,0,0,16048,10,0,-1,400009,-1,,,,,,,TEST 2.pcap
41384,Dragoonith,1,0,1,64287887,-54618662,4454,0,0,17431,4,0,103700,400005,-1,,,,,,,TEST Z GUNDAM.pcap
41570,Lostsk8er,1,0,1,64289346,-54619874,5063,0,0,-24314,6,0,103700,400005,-1,,,,,,,TEST Z GUNDAM.pcap
41725,,1,0,1,72533863,-59312824,345,0,0,12497,7,0,100747,410029,280021/360023,,,,,,,EF Team Create.pcap
41853,BISHOP,2,0,1,71177129,-61197713,698,0,0,28253,7,0,100016,-1,,1,1,2,3,2,48:0/30:255/-1:0/-1:0/-1:0/-1:0/4:0/18:255,BATTLE 1.pcap
41861,Dante,1,0,1,64290860,-54621244,5059,0,0,-24315,6,0,103700,400005,-1,,,,,,,TEST Z GUNDAM.pcap
41880,,2,0,1,66388934,-59790541,35,0,0,-20450,10,0,103667,400027,,,,,,,,UCGM Adel Light 2.pcap
42043,なぞ臨床心理士,2,0,1,71170351,-61194662,3492,0,0,11775,8,0,100016,400009,-1,,,,,,,TEST 2.pcap
42126,,2,0,1,62638741,-49081780,39,0,0,32200,4,0,-1,-1,,,,,,,,MASSIVE END BATTLE LOG.pcap
42193,,2,0,1,62639111,-49082385,86,0,0,7110,8,32,101866,410025,,,,,,,,MASSIVE END BATTLE LOG.pcap
42301,,1,0,1,71569072,-60097159,2439,0,0,-26823,6,0,103061,460004,,,,,,,,Dragoonith Log into Canberra.pcap
42327,,1,0,1,57288555,-58205118,1754,0,0,-28032,11,0,103333,400026,,,,,,,,Dragoonith - Get in GOUF from HANGAR and PUT BACK IN.pcap
42360,ショット・シェル,1,0,1,55474640,-58347239,177,0,0,-18113,4,0,100291,-1,,1,1,2,0,2,194:0/30:255/-1:0/-1:0/-1:0/21:0/71:0/15:0,Logging in Tominox in Perth.pcap
42420,L,1,0,1,72534541,-59311120,315,0,0,-8098,8,8,-1,400026,-1,,,,,,,xenolog.pcap
42478,うきむき,1,0,1,55474979,-58347110,39,0,0,-18153,5,0,101288,-1,,1,0,3,7,0,205:58/-1:0/-1:0/-1:0/5:9/-1:0/64:0/21:0,Logging in Tominox in Perth.pcap
42608,,2,0,1,62638836,-49081631,87,0,0,17796,7,0,103578,410058,-1,,,,,,,MASSIVE END BATTLE LOG.pcap
42672,ライネック,1,0,1,72533727,-59312437,315,0,0,32549,10,4,100044,460004,-1/280170/280173,,,,,,,xenolog.pcap
42681,ザイリン,2,0,1,71179891,-61197470,810,0,0,-8584,7,32,102435,410013,280092/360006/280261/280264/280264,,,,,,,BATTLE 1.pcap
42752,アル中,1,0,1,71194766,-61196422,838,0,0,13232,5,64,101249,410073,280058/360023/280101/280111/280118/280104,,,,,,,BATTLE 1.pcap
42832,ブレット,1,0,1,71200072,-61196620,695,0,0,21062,4,0,102415,410029,0/360003,,,,,,,BATTLE 1.pcap
42837,Azusa,1,0,1,72533956,-59313144,311,0,0,-6018,7,0,-1,-1,,2,1,1,1,0,0:0/-1:0/-1:0/-1:0/-1:0/-1:0/-1:0/-1:0,xenolog.pcap
42873,,1,0,1,68951931,-52883950,1760,0,0,-30388,0,0,-1,-1,,,,,,,,Richmond.pcap
42876,,1,0,1,72533964,-59313158,311,0,0,-6406,8,0,-1,-1,,,,,,,,Create Team.pcap
42914,世中愛鴨,1,0,1,55474469,-58347130,39,0,0,20019,5,0,103152,-1,,2,1,3,1,1,100:0/30:255/-1:0/-1:0/-1:0/8:96/20:0/18:255,Logging in Tominox in Perth.pcap
42967,akira18改,1,0,1,72534061,-59312980,315,0,0,8030,7,0,101655,400011,-1,,,,,,,xenolog.pcap
43266,,2,0,1,62639098,-49082732,86,-30,-26,16963,4,9,102048,410013,280097/360006/280097/280093/280096,,,,,,,MASSIVE END BATTLE LOG.pcap
43404,,2,0,1,62638773,-49082144,39,0,0,-19981,9,0,-1,-1,,,,,,,,MASSIVE END BATTLE LOG.pcap
43495,,2,0,1,71177163,-61197297,751,0,0,25897,6,0,103632,410013,280093/360026/280006/280097/280092,,,,,,,TEST 2.pcap
43503,,1,0,1,57290462,-58208371,1754,0,0,-26888,10,8,-1,400011,,,,,,,,Dragoonith - Get in GOUF from HANGAR and PUT BACK IN.pcap
43569,KILIO,2,0,1,71177125,-61197526,701,0,0,-30013,2,0,-1,-1,,1,1,0,2,1,16:0/-1:0/-1:0/-1:0/-1:0/-1:0/-1:0/-1:0,BATTLE 1.pcap
43801,COOOL,2,0,1,71182871,-61197816,809,0,0,-18382,7,64,103734,410029,280040/360043/280216/280111/280114/280157,,,,,,,BATTLE 1.pcap
43914,,2,0,1,62638684,-49081989,39,0,0,-2400,10,0,-1,-1,,,,,,,,MASSIVE END BATTLE LOG.pcap
43946,,1,0,1,71201386,-61199685,864,0,0,11000,7,32,103586,410031,280044/360000/280072/280068/280251,,,,,,,BATTLE 1.pcap
44095,,1,0,1,72533717,-59312456,315,0,0,314,9,0,103550,460004,,,,,,,,Create Team.pcap
44099,ワムウ,2,0,1,71176871,-61197818,692,0,0,15702,8,0,-1,-1,,1,0,2,4,1,186:0/29:0/-1:0/-1:0/1:54/17:0/20:0/22:0,TEST 2.pcap
44109,,1,0,1,71183483,-61198177,3494,0,0,-16589,5,0,101005,400005,-1,,,,,,,BATTLE 1.pcap
44123,サンボ,1,0,1,71570788,-60097996,2435,0,0,-19204,9,0,101655,-1,,,,,,,,Dragoonith Log into Canberra.pcap
44321,Lachesls,1,0,1,71570848,-60098053,2573,0,0,6853,7,0,101249,-1,,,,,,,,Dragoonith Log into Canberra.pcap
44329,,2,0,2,3389403,-2234666,936770,28549,-985,-31189,10,4,102658,410031,,,,,,,,Alaron invite to team  light refuse (i refused2.pcap
44400,Sara,1,0,1,72533873,-59312975,311,0,0,915,1,0,-1,-1,,2,1,1,3,0,160:0/-1:0/-1:0/-1:0/-1:0/10:0/25:0/8:0,xenolog.pcap
44419,チーサ,1,0,1,57286916,-58207996,1750,0,0,18923,7,0,102516,-1,,1,0,0,3,0,173:0/27:0/-1:0/8:105/7:105/16:0/71:0/11:0,Tomino X loginto Southern Cross.pcap
44437,,1,0,1,55474354,-58347083,39,0,0,-21530,4,0,103069,-1,,,,,,,,transfer lunatitaniumfrombankto781overweight.pcap
44469,ミリアリア・ハウ,2,0,1,71177844,-61197879,760,0,0,-16004,7,32,103734,410035,280038/280166/280212,,,,,,,BATTLE 1.pcap
44516,Paper,1,0,1,57286870,-58208044,1750,0,0,20176,11,0,-1,-1,,1,1,0,0,0,0:0/-1:0/-1:0/-1:0/-1:0/-1:0/-1:0/-1:0,Tomino X loginto Southern Cross.pcap
44610,,1,0,1,71569213,-60097522,2655,0,0,-20632,2,0,-1,-1,,,,,,,,Dragoonith Log into Canberra.pcap
44629,捨て丸,1,0,1,55474590,-58347113,85,0,0,-18901,7,0,101947,410034,280019,,,,,,,Logging in Tominox in Perth.pcap
44639,ラクス・クライン,1,0,1,71184750,-61196535,826,0,0,-22613,4,0,-1,410029,280072/360003,,,,,,,BATTLE 1.pcap
44685,火炎直撃砲,2,0,1,71177065,-61197613,698,0,0,-16393,2,0,102503,-1,,1,0,2,7,1,205:105/65:11/-1:0/1:11/0:11/9:55/64:11/2:0,BATTLE 1.pcap
44705,,2,0,1,62638681,-49080307,186,0,0,-435,4,0,102048,410057,-1,,,,,,,MASSIVE END BATTLE LOG.pcap
44713,Nasrullah,1,0,1,57290477,-58211916,1750,0,0,8892,2,0,-1,-1,,2,1,0,2,0,25:0/-1:0/-1:0/-1:0/-1:0/-1:0/-1:0/2:0,Tomino X loginto Southern Cross.pcap
44733,saya,2,0,1,73449339,-56290826,71,0,0,15948,10,8,-1,400012,-1,,,,,,,NewChar Login.pcap
44744,Lisa Yamamoto,1,0,1,57286554,-58207645,1750,0,0,-16535,7,0,-1,-1,,2,1,1,3,2,194:0/30:255/-1:0/11:11/0:11/16:0/25:0/18:255,Tomino X loginto Southern Cross.pcap
44756,FitXXGTR,1,0,1,71202507,-61198353,832,0,0,13226,7,32,100089,410005,280090/360003/280059/280021,,,,,,,BATTLE 1.pcap
44798,nobuo,1,0,1,55474561,-58347165,39,0,0,-27695,7,0,102948,-1,,1,1,0,0,0,160:0/-1:0/1:4/-1:0/-1:0/19:0/25:0/23:0,Logging in Tominox in Perth.pcap
44826,LEVE,1,0,1,64287971,-54618602,2327,0,0,16030,7,0,100965,410013,280023/-1/280047/280037/280037,,,,,,,TEST Z GUNDAM.pcap
44880,,2,0,2,3392584,-2240813,933256,-34,-3060,19942,1,0,102752,-1,,,,,,,,spaceboat R A 2.pcap
44885,アル中戦闘員,1,0,1,72533659,-59312759,311,0,0,-32083,3,0,103196,-1,,1,2,3,6,0,194:0/30:255/-1:0/-1:0/-1:0/16:0/35:0/18:255,xenolog.pcap
44952,Back drop,1,0,1,71203401,-61197963,840,0,0,17163,8,0,103568,410029,280071/360003/280068/280094/280134/280207,,,,,,,BATTLE 1.pcap
44976,,1,0,1,71570318,-60097105,2434,0,0,-3396,10,0,-1,400003,,,,,,,,Dragoonith Log into Canberra.pcap
45042,Nenette,2,0,1,71176808,-61197968,735,0,0,32105,5,48,102499,410034,280019/280216/280074/280053,,,,,,,BATTLE 1.pcap
45091,海王みちる@Neptune,2,0,1,64264417,-54623913,2314,0,0,-8674,3,32,101909,410058,280085/360006/280090/280125,,,,,,,Tomino X Login to Alice sligs Zeon.pcap
45111,アランⅢ,1,0,1,55474416,-58347116,39,0,0,-13834,2,0,-1,-1,,1,0,3,4,1,0:0/30:255/-1:0/-1:0/-1:0/-1:0/-1:0/-1:0,Logging in Tominox in Perth.pcap
45177,Noclip,2,0,1,71191626,-61196591,883,0,0,-16464,6,0,103691,410005,280022/360003/280042/0/0/280003,,,,,,,TEST 2.pcap
45205,桃尻姫,2,0,1,71176626,-61197879,686,0,0,-28755,4,0,102397,-1,,2,1,1,1,1,-1:0/62:58/3:58/9:78/1:13/17:0/51:13/22:0,BATTLE 1.pcap
45220,アレン,2,0,1,71176991,-61198503,734,0,0,-1407,6,48,100741,410058,280058/360006/280118/280059/280120,,,,,,,TEST 2.pcap
45223,Sakuretu,2,0,1,71177021,-61197964,755,0,0,-2127,7,0,102634,410058,280035/360006/280030/280030/280009,,,,,,,BATTLE 1.pcap
45230,Uranos,1,0,1,55474693,-58347193,39,0,0,21364,0,0,-1,-1,,2,0,1,1,0,-1:0/7:0/-1:0/1:9/-1:0/-1:0/-1:0/1:0,Logging in Tominox in Perth.pcap
45258,,1,0,1,56919874,-54484609,2252,0,0,7864,5,0,103280,-1,,,,,,,,Purple tag Test Team X.pcap
45340,,1,0,1,71569233,-60095958,2439,0,0,7446,10,5,103378,460004,,,,,,,,Dragoonith Log into Canberra.pcap
45350,,2,0,1,62637641,-49079145,84,0,0,-9804,10,0,103503,410010,-1,,,,,,,MASSIVE END BATTLE LOG.pcap
45388,ゴッサム,2,0,1,73447194,-56289859,71,0,0,2395,8,0,103382,-1,,1,2,0,4,1,195:0/30:255/-1:0/-1:0/3:0/19:0/18:0/11:0,NewChar Login.pcap
45400,,2,0,1,73449214,-56290678,71,0,0,32328,8,8,-1,400012,,,,,,,,TaxiEF.pcap
45432,ロマーリオ,1,0,1,71202383,-61197820,3670,0,0,14513,5,0,101306,400005,-1,,,,,,,BATTLE 1.pcap
45439,Kenny Roberts,1,0,1,55474885,-58347206,39,0,0,16267,10,0,101396,-1,,1,1,2,3,0,205:96/-1:0/-1:0/-1:0/-1:0/-1:0/-1:0/-1:0,Logging in Tominox in Perth.pcap
45486,,1,0,1,72533589,-59313150,311,0,0,-2673,1,0,-1,-1,,,,,,,,Create Team.pcap
45506,,2,0,2,-3418506,5689324,-189,15416,8105,20818,5,48,102954,410071,,,,,,,,Meldrum destroyed and dropped FL.pcap
45523,ファルコ,2,0,1,71177054,-61197729,697,0,0,-29277,6,0,103159,-1,,1,0,3,3,0,195:0/-1:0/-1:0/-1:0/-1:0/9:64/71:0/24:0,BATTLE 1.pcap
45568,ランボー,1,0,1,55474454,-58347182,40,0,0,30867,8,0,-1,400010,-1,,,,,,,Logging in Tominox in Perth.pcap
45612,Evrikaol,1,0,1,72533549,-59313344,311,0,0,-27,7,0,100131,-1,,1,0,2,4,2,194:0/30:255/-1:0/-1:0/2:9/16:0/35:0/18:255,xenolog.pcap
45775,キャブレターズ,1,0,1,72533856,-59312890,311,0,0,29379,5,0,100739,-1,,1,1,2,4,2,122:0/30:255/-1:0/-1:0/-1:0/16:0/22:0/18:255,xenolog.pcap
45878,Lazlow,2,0,1,71200470,-61196556,702,0,0,-8635,6,0,-1,410030,,,,,,,,BATTLE 1.pcap
45892,,2,0,1,71176784,-61198376,729,0,0,-11228,8,0,102499,410034,-1,,,,,,,TEST 2.pcap
45901,ロメオ・ジータ,1,0,1,71571110,-60098067,2435,0,0,4502,7,0,103061,-1,,1,1,2,4,1,184:0/30:255/-1:0/-1:0/-1:0/16:0/25:0/18:255,Dragoonith Log into Canberra.pcap
45903,,1,0,1,55474692,-58347153,39,0,0,13361,4,0,100060,-1,,,,,,,,transfer lunatitaniumfrombankto781overweight.pcap
45910,Avril,2,0,1,71176862,-61197763,692,0,0,-32152,7,0,-1,-1,,1,1,1,3,0,116:0/65:0/-1:0/-1:0/-1:0/9:105/70:0/24:0,BATTLE 1.pcap
45912,Omiyan,1,0,1,71204761,-61198307,3536,0,0,14513,6,0,101306,400005,-1,,,,,,,BATTLE 1.pcap
45928,,1,0,1,72533885,-59313214,311,0,0,5785,0,0,-1,-1,,,,,,,,EF Team Create.pcap
46008,レオナルド博士,1,0,1,71570617,-60098060,2435,0,0,-26229,0,0,-1,-1,,,,,,,,Dragoonith Log into Canberra.pcap
46051,kei,1,0,1,71570657,-60098003,2468,0,0,-29118,5,0,103554,400005,,,,,,,,Dragoonith Log into Canberra.pcap
46068,,2,0,1,62634598,-49081081,38,0,0,-9085,9,0,103129,400012,,,,,,,,Buttercup create clothes EF.pcap
46222,soratan,1,0,1,55474581,-58347108,39,0,0,19173,4,0,101208,-1,,1,0,1,3,0,167:0/30:255/-1:0/11:10/3:3/8:96/25:0/18:255,Logging in Tominox in Perth.pcap
46389,,2,0,1,71177168,-61198049,743,0,0,22452,7,0,102499,410017,280011/280042/280212,,,,,,,TEST 2.pcap
46641,,1,0,1,72534074,-59313089,311,0,0,-66,2,0,-1,-1,,,,,,,,Create Team.pcap
46718,,1,0,1,57290391,-58208551,1750,0,0,-21999,10,0,101396,400012,,,,,,,,Dragoonith - Get in GOUF from HANGAR and PUT BACK IN.pcap
46739,夜王,1,0,1,72535167,-59310863,311,0,0,-380,9,8,-1,400012,-1,,,,,,,xenolog.pcap
46844,,2,0,1,56920685,-54484988,2311,0,0,16609,8,64,100666,410058,,,,,,,,Purple tag Test Team X.pcap
46994,Kelley Layzner,2,0,1,71176984,-61197631,696,0,0,-20989,11,0,-1,-1,,1,0,0,0,1,16:0/-1:0/-1:0/-1:0/-1:0/-1:0/-1:0/-1:0,BATTLE 1.pcap
47065,パケ,1,0,1,55474618,-58347193,39,0,0,-13225,5,0,102330,-1,,1,0,2,4,1,0:0/-1:0/-1:0/-1:0/-1:0/-1:0/-1:0/18:255,Logging in Tominox in Perth.pcap
47083,,1,0,1,62638150,-49088897,218,0,0,-31742,6,0,103703,410073,280040/360006/280040/280040/280040/-1,,,,,,,MASSIVE END BATTLE LOG.pcap
47131,,2,0,1,62638735,-49081907,39,0,0,13988,8,0,102048,-1,,,,,,,,MASSIVE END BATTLE LOG.pcap
47134,いたさん,2,0,1,71176708,-61197755,732,0,0,-18496,6,0,103159,410060,280009/360003/280009/-1/-1/280132,,,,,,,BATTLE 1.pcap
47198,ひな,1,0,1,72534054,-59312812,359,0,0,7702,5,16,101603,410035,280073/280114/280068,,,,,,,xenolog.pcap
47382,,2,0,1,66389441,-59787579,162,0,0,-6657,11,0,-1,-1,,,,,,,,UCGM Adel Light 2.pcap
47484,,2,0,1,66387389,-59789964,35,0,0,-32280,10,0,-1,400012,,,,,,,,UCGM Adel Light 2.pcap
47507,,1,0,1,57286739,-58208056,1750,0,0,-408,10,0,103150,-1,,,,,,,,Dragoonith - Get in GOUF from HANGAR and PUT BACK IN.pcap
47508,,2,0,1,66387476,-59789995,35,0,0,15695,10,0,103154,400012,,,,,,,,UCGM Adel Light 2.pcap
47511,,2,0,1,62638639,-49082057,39,0,0,-11580,4,0,100153,-1,,,,,,,,MASSIVE END BATTLE LOG.pcap
47669,KimoGiGi,1,0,1,72534836,-59311122,315,0,0,-29769,8,8,-1,400011,-1,,,,,,,xenolog.pcap
47670,雪風,2,0,1,73446587,-56290420,75,0,0,23415,8,3,100517,460005,-1/280170,,,,,,,NewChar Login.pcap
47698,お庭番,1,0,1,72534000,-59312923,311,0,0,-28377,8,0,-1,-1,,1,1,0,0,0,106:0/-1:0/-1:0/-1:0/-1:0/-1:0/25:0/-1:0,xenolog.pcap
47717,,1,0,1,71568871,-60097150,2473,0,0,28988,4,0,-1,410031,,,,,,,,Dragoonith Log into Canberra.pcap
47818,Flag,2,0,1,73449238,-56290521,71,0,0,20537,10,0,-1,400012,-1,,,,,,,NewChar Login.pcap
47842,保坂氏,1,0,1,55474946,-58347312,40,0,0,17044,11,0,-1,-1,,2,1,0,3,2,0:0/-1:0/-1:0/-1:0/-1:0/-1:0/-1:0/-1:0,Logging in Tominox in Perth.pcap
47853,,2,0,1,71176791,-61197646,740,0,0,-12084,3,0,-1,410057,,,,,,,,TEST 2.pcap
47912,Sword Forest,1,0,1,55474578,-58347258,214,0,0,-16693,6,0,101929,410005,280058/360003/280059/280125/280040,,,,,,,Logging in Tominox in Perth.pcap
47955,Davey Havok,1,0,1,71185668,-61196499,835,0,0,24591,2,0,101477,410043,,,,,,,,TEST 2.pcap
48035,インディー,1,0,1,72535142,-59310936,311,0,0,-32710,8,0,-1,400027,-1,,,,,,,xenolog.pcap
48137,ウォル・グリーク,1,0,1,57286760,-58207445,1750,0,0,-31258,3,0,-1,-1,,1,2,2,6,0,194:0/30:255/-1:0/-1:0/-1:0/16:0/25:0/18:255,Tomino X loginto Southern Cross.pcap
48183,百年茶,1,0,1,71204906,-61198530,882,0,0,-18591,9,0,-1,-1,,1,2,0,5,2,0:0/-1:0/-1:0/-1:0/-1:0/-1:0/-1:0/-1:0,BATTLE 1.pcap
48391,Robert Onsign,1,0,1,71196916,-61197149,803,0,0,-18460,6,0,101477,410024,280046/-1/280150/280152/280045/280003,,,,,,,TEST 2.pcap
48425,りんご,1,0,1,55474827,-58347122,39,0,0,-8483,0,0,-1,-1,,2,2,0,0,1,0:0/-1:0/-1:0/-1:0/-1:0/-1:0/63:0/-1:0,Logging in Tominox in Perth.pcap
48478,,1,0,1,72534797,-59311160,315,0,0,-19815,6,0,-1,400026,,,,,,,,Create Team.pcap
48484,ペック佐藤,1,0,1,55474861,-58347944,50,0,0,-13165,8,32,-1,410012,,,,,,,,Logging in Tominox in Perth.pcap
48658,,1,0,1,55474560,-58347172,39,0,0,29021,5,0,-1,-1,,,,,,,,transfer lunatitaniumfrombankto781overweight.pcap
48667,とうます,2,0,1,55474471,-58347101,37,0,0,-12430,8,0,103374,400016,-1,,,,,,,Logging in Tominox in Perth.pcap
48693,,2,0,1,66387583,-59789985,60,0,0,18865,8,5,103313,430006,,,,,,,,UCGM Adel Light 2.pcap
48731,グッチ,1,0,1,71177054,-61198570,3964,0,0,-16395,7,0,103586,400005,-1,,,,,,,TEST 2.pcap
48741,,1,0,1,57286738,-58207915,1888,0,0,-309,0,0,103010,-1,,,,,,,,Dragoonith - Get in GOUF from HANGAR and PUT BACK IN.pcap
48744,Stone Cold,1,0,1,55474727,-58347132,39,0,0,-23420,1,0,103351,-1,,1,2,0,0,1,194:0/30:255/-1:0/-1:0/-1:0/16:0/35:0/18:255,Logging in Tominox in Perth.pcap
48805,ニース,1,0,1,64288283,-54618800,4539,0,0,-24315,9,0,-1,400005,-1,,,,,,,UCGMLOG.pcap
48816,,2,0,1,66387498,-59789996,39,0,0,16010,9,0,103175,400011,,,,,,,,UCGM Adel Light 2.pcap
48845,カリ・ユガ,1,0,1,71570953,-60097844,2435,0,0,25871,4,0,-1,-1,,1,1,0,2,0,128:0/30:255/-1:0/-1:0/-1:0/16:0/18:0/11:0,Dragoonith Log into Canberra.pcap
48861,紫苑,1,0,1,71571083,-60097993,2473,0,0,-10276,4,0,103568,410024,,,,,,,,Dragoonith Log into Canberra.pcap
48900,,2,0,1,62638264,-49081549,39,0,0,3352,6,0,103503,-1,,2,1,1,1,2,123:0/-1:0/-1:0/-1:0/-1:0/21:0/22:0/8:0,MASSIVE END BATTLE LOG.pcap
48927,MADMAX,1,0,1,71570950,-60097927,2435,0,0,-24769,10,0,102959,-1,,1,1,1,0,1,160:0/3:0/-1:0/-1:0/-1:0/20:0/70:0/-1:0,Dragoonith Log into Canberra.pcap
48928,,1,0,1,62636814,-49082796,77,0,0,-14780,5,48,100047,410073,280111/360003/280111/280134/280165/280104,,,,,,,MASSIVE END BATTLE LOG.pcap
48936,tortugo,1,0,1,72534003,-59315212,316,0,0,32062,8,0,100483,400011,,,,,,,,ucgozonein wireshark.pcap
48938,クルリ,1,0,1,57286814,-58207470,1750,0,0,20688,10,0,-1,-1,,1,0,0,5,0,64:0/30:255/-1:0/3:1/3:6/0:0/17:0/18:255,Tomino X loginto Southern Cross.pcap
48943,,2,0,1,66387556,-59790021,35,0,0,18073,8,5,-1,400012,,,,,,,,UCGM Adel Light 2.pcap
48957,Yuria,1,0,1,55474890,-58347272,39,0,0,15900,0,0,-1,-1,,2,1,1,2,0,194:0/30:255/-1:0/-1:0/-1:0/16:0/35:0/11:0,Logging in Tominox in Perth.pcap
48969,,1,0,1,64288247,-54618787,2261,0,0,12308,4,0,-1,-1,,1,0,2,0,0,-1:0/13:10/-1:0/3:4/3:11/3:11/-1:0/3:0,hand to hand 0.1.pcap
48988,John Stockton,1,0,1,71204914,-61198469,879,0,0,-24302,3,0,103586,-1,,2,1,0,1,1,-1:0/65:105/-1:0/16:105/8:105/35:105/6:105/-1:0,BATTLE 1.pcap
48989,,1,0,1,72465235,-59308018,510,0,0,26902,0,48,-1,410000,,,,,,,,Group invite and chat.pcap
48995,千乃,1,0,1,55474389,-58347116,39,0,0,860,7,0,102436,-1,,2,1,0,0,2,-1:0/69:104/-1:0/17:105/6:105/8:105/48:104/10:0,Logging in Tominox in Perth.pcap
49009,Light,2,0,1,64267106,-54620775,2267,0,0,-31064,5,0,103692,-1,,1,1,2,2,1,85:0/-1:0/-1:0/-1:0/-1:0/3:14/16:0/0:0,TEST Z GUNDAM.pcap
49087,特命係長マサト,1,0,1,71197962,-61197646,775,0,0,10116,5,0,102540,410029,280101/360003/280023/280044/-1/-1,,,,,,,BATTLE 1.pcap
49104,,1,0,1,56912553,-54484142,2388,958,535,-12935,1,0,103706,430005,,,,,,,,Purple tag Test Team X.pcap
49120,,2,0,1,62638698,-49078760,37,0,0,-26621,5,0,103503,400016,,,,,,,,Buttercup create clothes EF.pcap
49127,,1,0,2,-3423843,5687048,-434,28014,-1294,-12862,0,0,-1,-1,,,,,,,,Meldrum destroyed and dropped FL.pcap
49128,クレア・ベネット,1,0,1,71203812,-61197127,3691,0,0,6439,0,0,-1,400005,-1,,,,,,,BATTLE 1.pcap
49139,,2,0,1,66387465,-59790022,35,0,0,16401,10,0,-1,400012,,,,,,,,UCGM Adel Light 2.pcap
49212,,2,0,1,71176937,-61197908,692,0,0,27086,10,0,103636,-1,,,,,,,,TEST 2.pcap
49219,,1,0,1,55474744,-58347179,39,0,0,26330,6,0,-1,-1,,,,,,,,transfer lunatitaniumfrombankto781overweight.pcap
49230,,1,0,1,55474408,-58347235,177,0,0,-13950,10,0,-1,-1,,,,,,,,transfer lunatitaniumfrombankto781overweight.pcap
49264,,2,0,1,73447005,-56289870,71,0,0,-7303,1,0,103657,-1,,,,,,,,TaxiEF.pcap
49267,Goonith,2,0,1,73447132,-56289860,71,0,0,-14680,0,0,-1,-1,,1,1,2,3,0,16:0/-1:0/-1:0/-1:0/-1:0/-1:0/-1:0/-1:0,NewChar Login.pcap
49311,,2,0,2,3392669,-2240752,933178,12726,5335,12731,7,0,103691,-1,,2,1,0,1,0,195:0/8:0/1:14/3:3/2:2/17:0/37:0/3:0,Map Select Area.pcap
49312,,2,0,1,62639000,-49081860,39,0,0,29523,1,0,103694,-1,,,,,,,,MASSIVE END BATTLE LOG.pcap
49343,Ezhno Morreaux,2,0,1,62638531,-49081917,39,0,0,14127,3,0,103691,-1,,1,1,0,3,0,195:0/8:0/0:1/1:10/0:1/17:0/37:0/9:0,MASSIVE END BATTLE LOG.pcap
49367,ブタバス,2,0,1,71176968,-61197840,697,0,0,-32080,4,0,103726,400026,-1,,,,,,,BATTLE 1.pcap
49391,,1,0,1,57290923,-58182275,1846,0,0,-26569,2,0,-1,-1,,1,1,2,1,2,0:0/-1:0/-1:0/-1:0/-1:0/-1:0/-1:0/-1:0,TGM-79 GM TRAINER in out of Hanger.pcap
49409,Melo,1,0,1,55474614,-58347374,39,0,0,15708,2,0,-1,-1,,2,1,1,2,0,0:0/16:0/-1:0/-1:0/-1:0/-1:0/-1:0/-1:0,Logging in Tominox in Perth.pcap
49419,,1,0,1,57290013,-58213661,1750,0,0,15636,0,0,-1,-1,,,,,,,,Dragoonith - Get in GOUF from HANGAR and PUT BACK IN.pcap
49423,UCGMTominoX,1,0,1,55474743,-58347366,76,0,0,14261,0,0,-1,410000,-1,,,,,,,Logging in Tominox in Perth.pcap
49458,とめ蔵,2,0,1,71177057,-61197583,699,0,0,-27294,0,0,-1,-1,,2,1,0,1,2,16:0/-1:0/-1:0/-1:0/-1:0/-1:0/-1:0/-1:0,BATTLE 1.pcap
49518,Radios倉庫,2,0,1,64266817,-54620580,2266,0,0,-13878,0,0,-1,-1,,1,1,0,0,0,16:0/-1:0/-1:0/-1:0/-1:0/-1:0/-1:0/-1:0,Tomino X Login to Alice sligs Zeon.pcap
49519,Brandnew,1,0,1,55474465,-58347113,37,0,0,-24033,0,0,103672,400016,-1,,,,,,,Logging in Tominox in Perth.pcap
