# Hostile and friendly NPCs, as the official server placed them (from the packet captures in UCGO Packet Logs.zip).
# id: the client sees 1000000000 + id. faction: 1 EF, 2 Zeon. zone: 1 Earth, 2 Space. squad: NPCs of one squad fight together.
# armaments: 4 weapon/shield templates, -1 = empty. health: 0 = the vehicle template's. Trucks and PUZOCKs (1000xxx) are vendors: they never fight.
id,name,faction,template,squad,zone,x,y,z,tilt,roll,dir,rank,action,armaments,health
43,Burchard,1,410000,1044,2,3375791,-2286948,938430,-6665,-45,-138,0,32,280021/360001/280021/280021,0
46,Duranjaya,1,430000,1047,2,3380041,-2289324,939123,-3638,1375,7477,0,48,280014/-1/280014/280014,1200
277,Deli,1,430000,1278,2,3375640,-2289986,941051,-7130,-105,-295,0,48,280014/-1/280014/280014,1200
292,Raj,1,420000,1293,2,3375130,-2290527,942456,-8092,-375,-918,0,48,280012/-1/280012/280012,1500
4032,Vender,2,1000016,99479,2,3375608,-2280000,936392,-472,-7081,-31432,6,0,-1/-1/-1/-1,0
4033,Vender,2,1000017,99479,2,3376235,-2280644,935914,-410,-6681,-31530,5,0,-1/-1/-1/-1,0
4034,Vender,2,1000018,99479,2,3375124,-2280787,936818,-536,-7442,-31330,6,0,-1/-1/-1/-1,0
4035,Vender,2,1000019,99479,2,3376862,-2281288,935437,-351,-6228,-31626,5,0,-1/-1/-1/-1,0
4036,Vender,2,1000020,99479,2,3374639,-2281575,937245,-604,-7771,-31224,6,0,-1/-1/-1/-1,0
4037,Cahil,2,410033,99479,2,3377489,-2281933,934959,-295,-5713,-31718,8,0,280037/-1/280010/280041,0
4038,Ciaran,2,410033,99479,2,3374155,-2282362,937672,-675,-8073,-31113,7,0,280037/-1/280010/280041,0
4039,Clark,2,410033,99479,2,3378117,-2282577,934481,-240,-5122,-31807,8,0,280037/-1/280010/280041,0
10168,Vender,1,1000024,99634,1,72735460,-59356968,-30,0,0,9244,6,0,-1/-1/-1/-1,0
10169,Vender,1,1000023,99634,1,72734445,-59357070,-28,0,0,9244,5,0,-1/-1/-1/-1,0
10170,Vender,1,1000021,99634,1,72735359,-59355957,-30,0,0,9244,6,0,-1/-1/-1/-1,0
10171,Vender,1,1000003,99634,1,72733437,-59357175,-25,0,0,9244,5,0,-1/-1/-1/-1,0
10172,Vender,1,1000005,99634,1,72735257,-59354941,-29,0,0,9244,6,0,-1/-1/-1/-1,0
10173,Russ,1,410003,99634,1,72732421,-59357277,-22,0,0,9244,8,0,280000/-1/280012/280012,0
10174,Roland,1,410002,99634,1,72735156,-59353929,-29,0,0,9245,7,0,280039/360001/280005/280005,0
10175,Wieslav,1,410002,99634,1,72731406,-59357378,-19,0,0,9244,8,0,280039/360001/280005/280005,0
11977,Reeves,1,410000,98826,1,72536671,-59312621,991,0,0,8921,9,48,280021/360001/280021/280021,0
11978,Andy,1,410000,98827,1,72531664,-59314503,1425,0,0,3813,8,48,280021/360001/280021/280021,0
11979,Buster,1,410000,98828,1,72535242,-59316960,535,0,0,3650,7,48,280021/360001/280021/280021,0
13977,Bernie,1,410000,98829,1,71567859,-60097246,2850,0,0,11079,9,48,280021/360001/280021/280021,0
14056,Vender,1,1000024,99707,1,57290906,-58183449,1836,0,0,8111,6,0,-1/-1/-1/-1,0
14057,Vender,1,1000023,99707,1,57289886,-58183441,1839,0,0,8111,5,0,-1/-1/-1/-1,0
14058,Vender,1,1000021,99707,1,57290914,-58182429,1842,0,0,8111,6,0,-1/-1/-1/-1,0
14059,Vender,1,1000003,99707,1,57288871,-58183433,1841,0,0,8111,5,0,-1/-1/-1/-1,0
14060,Vender,1,1000005,99707,1,57290921,-58181414,1847,0,0,8111,6,0,-1/-1/-1/-1,0
14061,Delmar,1,410003,99707,1,57287851,-58183425,1839,0,0,8111,8,0,280000/-1/280012/280012,0
14062,Barry,1,410002,99707,1,57290929,-58180394,1848,0,0,8111,7,0,280039/360001/280005/280005,0
14063,Cathal,1,410002,99707,1,57286832,-58183417,1836,0,0,8111,8,0,280039/360001/280005/280005,0
14091,Repairer,1,1000003,99711,1,57289113,-58220882,1795,0,0,8107,5,0,-1/-1/-1/-1,0
14092,WeaponVender,1,1000005,99711,1,57291996,-58220882,1789,0,0,8108,6,0,-1/-1/-1/-1,0
14093,Grosvenor,1,410003,99711,1,57287777,-58221066,1797,0,0,30462,8,48,280000/-1/280012/280012,0
14094,Sandbach,1,410002,99711,1,57293921,-58220375,1794,0,0,13053,7,48,280039/360001/280005/280005,0
14095,Argus,1,410002,99711,1,57287675,-58219445,1798,0,0,28622,8,48,280003/360001/280007/280005,0
15977,Gene,1,410000,98832,1,57290472,-58209585,1979,0,0,12300,9,48,280021/360001/280021/280021,0
15978,Boyden,1,410000,98833,1,57286812,-58205710,2314,0,0,32716,8,0,280021/360001/280021/280021,0
15979,Rutger,1,410000,98834,1,57289292,-58204890,1913,0,0,25834,7,48,280021/360001/280021/280021,0
17977,Whitford,1,410000,98835,1,55472156,-58345292,383,0,0,-7626,9,48,280021/360001/280021/280021,0
17978,Rufford,1,410000,98836,1,55474414,-58345917,817,0,0,-1920,8,48,280021/360001/280021/280021,0
17979,Cyric,1,410000,98837,1,55474730,-58350687,230,0,0,-503,7,48,280021/360001/280021/280021,0
20184,Banker,2,1000026,99898,1,66467765,-59986156,-146,0,0,8726,6,0,-1/-1/-1/-1,0
20185,MachineVender,2,1000025,99898,1,66466750,-59986207,-147,0,0,8726,5,0,-1/-1/-1/-1,0
20186,Hangarman,2,1000022,99898,1,66467710,-59985140,-147,0,0,8726,6,0,-1/-1/-1/-1,0
20187,Repairer,2,1000004,99898,1,66465734,-59986261,-147,0,0,8725,5,0,-1/-1/-1/-1,0
20188,WeaponVender,2,1000006,99898,1,66467664,-59984121,-147,0,0,8726,6,0,-1/-1/-1/-1,0
20189,Cutlar,2,410010,99898,1,66464718,-59986312,-146,0,0,8725,8,0,280037/-1/280010/280041,0
20190,Allbright,2,410008,99898,1,66467609,-59983105,-143,0,0,8726,7,0,280006/-1/280006/280006,0
20191,Colman,2,410009,99898,1,66463695,-59986363,-144,0,0,8725,8,0,280006/-1/280006/280006,0
21977,Calvin,2,410007,98841,1,66385976,-59787121,925,0,0,-5059,9,48,280006/-1/280006/280006,0
21978,Donald,2,410007,98842,1,66388460,-59786902,813,0,0,-1835,8,48,280006/-1/280006/280006,0
21979,Wendell,2,410007,98843,1,66389109,-59789140,450,0,0,-1497,7,48,280006/-1/280006/280006,0
23977,Whitney,2,410007,98844,1,73445578,-56287820,802,0,0,19722,9,48,280006/-1/280006/280006,0
23978,Linnea,2,410007,98845,1,73446265,-56290949,345,0,0,15606,8,48,280006/-1/280006/280006,0
23979,Oscroft,2,410007,98846,1,73448757,-56289656,486,0,0,17390,7,48,280006/-1/280006/280006,0
25977,Rodrigue,2,410007,98847,1,62637984,-49078843,290,0,0,29929,9,48,280006/-1/280006/280006,0
25978,Derrick,2,410007,98848,1,62640410,-49082128,719,0,0,27029,8,48,280006/-1/280006/280006,0
25979,Rarna,2,410007,98849,1,62633226,-49082355,682,0,0,32309,7,48,280006/-1/280006/280006,0
26298,Banker,1,1000024,98875,1,62898804,-55383203,2805,0,0,8853,6,0,-1/-1/-1/-1,0
26299,MachineVender,1,1000023,98875,1,62897789,-55383269,2807,0,0,8853,5,0,-1/-1/-1/-1,0
26300,Hangarman,1,1000021,98875,1,62898738,-55382187,2782,0,0,8853,6,0,-1/-1/-1/-1,0
26301,Repairer,1,1000003,98875,1,62896773,-55383332,2808,0,0,8853,5,0,-1/-1/-1/-1,0
26302,WeaponVender,1,1000005,98875,1,62898675,-55381171,2758,0,0,8854,6,0,-1/-1/-1/-1,0
26303,Nicole,1,410003,98875,1,62895757,-55383398,2804,0,0,8853,8,48,280000/-1/280012/280012,0
26304,Kelvin,1,410002,98875,1,62898613,-55380152,2728,0,0,8854,7,48,280039/360001/280005/280005,0
26305,Philippa,1,410002,98875,1,62894738,-55383460,2797,0,0,8853,8,48,280003/360001/280007/280005,0
27177,Bo,2,1030017,98791,2,3388000,-2248000,932000,0,0,32767,8,0,-1/-1/-1/-1,52000
27178,Dexter,2,1030017,98791,2,3388720,-2248719,932000,0,0,32719,7,0,-1/-1/-1/-1,52000
27179,Bottom,2,1030017,98791,2,3387280,-2248719,932000,0,0,-32719,6,0,-1/-1/-1/-1,52000
27180,Coalan,2,1030017,98791,2,3389440,-2249439,932000,0,0,32670,7,0,-1/-1/-1/-1,52000
27181,Weylin,2,1030018,98791,2,3386560,-2249439,932000,0,0,-32670,6,0,-1/-1/-1/-1,62000
27182,Bayard,2,1030017,98792,2,3392000,-2236000,920000,-13047,-4861,-6624,8,0,-1/-1/-1/-1,52000
27183,Rowland,2,1030017,98792,2,3391864,-2235618,919065,-13019,-4896,-6687,7,0,-1/-1/-1/-1,52000
27184,Roly,2,1030017,98792,2,3392899,-2236381,919713,-13075,-4827,-6562,6,0,-1/-1/-1/-1,52000
27186,Darnell,2,1030018,98792,2,3393798,-2236763,919426,-13103,-4793,-6499,6,0,-1/-1/-1/-1,62000
27187,Ruhinda,2,1030017,98793,2,3388000,-2228000,932000,0,0,0,8,0,-1/-1/-1/-1,52000
27192,Waldo,1,1030015,98794,2,-3424000,5684000,0,0,0,16047,8,0,-1/-1/-1/-1,52000
27193,Bhudev,1,1030015,98794,2,-3424743,5683304,0,0,0,15986,7,0,-1/-1/-1/-1,52000
27194,Berg,1,1030015,98794,2,-3424696,5684743,0,0,0,16108,6,0,-1/-1/-1/-1,52000
27195,Walid,1,1030015,98794,2,-3425485,5682607,0,0,0,15925,7,0,-1/-1/-1/-1,52000
27196,Bogdan,1,1030016,98794,2,-3425393,5685486,0,0,0,16170,6,0,-1/-1/-1/-1,62000
27197,Rawly,1,1030015,98795,2,-3420000,5688000,0,0,0,315,8,0,-1/-1/-1/-1,52000
27198,Brae,1,1030015,98795,2,-3420741,5688698,0,0,0,258,7,0,-1/-1/-1/-1,52000
27199,Churchill,1,1030015,98795,2,-3419302,5688742,0,0,0,373,6,0,-1/-1/-1/-1,52000
27200,Carlisle,1,1030015,98795,2,-3421483,5689395,0,0,0,200,7,0,-1/-1/-1/-1,52000
27201,Dixon,1,1030016,98795,2,-3418604,5689483,0,0,0,430,6,0,-1/-1/-1/-1,62000
27202,Conlan,1,1030015,98796,2,-3420000,5684000,0,0,0,-16077,8,0,-1/-1/-1/-1,52000
27203,Dedrick,1,1030015,98796,2,-3419301,5684741,0,0,0,-16132,7,0,-1/-1/-1/-1,52000
27204,Charan,1,1030015,98796,2,-3419259,5683301,0,0,0,-16021,6,0,-1/-1/-1/-1,52000
27205,Roni,1,1030015,98796,2,-3418603,5685482,0,0,0,-16188,7,0,-1/-1/-1/-1,52000
27206,Daly,1,1030016,98796,2,-3418518,5682603,0,0,0,-15965,6,0,-1/-1/-1/-1,62000
27207,Ina,2,1030017,98797,2,6264000,-2816000,0,0,0,16383,8,0,-1/-1/-1/-1,52000
27208,Lucien,2,1030017,98797,2,6263280,-2816720,0,0,0,16323,7,0,-1/-1/-1/-1,52000
27209,Valentine,2,1030017,98797,2,6263280,-2815280,0,0,0,16444,6,0,-1/-1/-1/-1,52000
27210,Miles,2,1030017,98797,2,6262560,-2817440,0,0,0,16261,7,0,-1/-1/-1/-1,52000
27211,Jaqueline,2,1030018,98797,2,6262560,-2814560,0,0,0,16506,6,0,-1/-1/-1/-1,62000
27212,Vincentia,2,1030017,98798,2,6268000,-2812000,0,0,0,315,8,0,-1/-1/-1/-1,52000
27213,Dalrymple,2,1030017,98798,2,6267258,-2811302,0,0,0,258,7,0,-1/-1/-1/-1,52000
27214,Isa,2,1030017,98798,2,6268698,-2811258,0,0,0,373,6,0,-1/-1/-1/-1,52000
27215,Ogilvie,2,1030017,98798,2,6266517,-2810604,0,0,0,200,7,0,-1/-1/-1/-1,52000
27216,Penelope,2,1030018,98798,2,6269395,-2810517,0,0,0,430,6,0,-1/-1/-1/-1,62000
27217,Ned,2,1030017,98799,2,6272000,-2816000,0,0,0,-16068,8,0,-1/-1/-1/-1,52000
27218,Hansen,2,1030017,98799,2,6272698,-2815258,0,0,0,-16125,7,0,-1/-1/-1/-1,52000
27219,Leta,2,1030017,98799,2,6272742,-2816697,0,0,0,-16010,6,0,-1/-1/-1/-1,52000
27220,Law,2,1030017,98799,2,6273395,-2814517,0,0,0,-16183,7,0,-1/-1/-1/-1,52000
27221,Emmie,2,1030018,98799,2,6273483,-2817395,0,0,0,-15953,6,0,-1/-1/-1/-1,62000
27237,Sample,2,410010,10509,2,3391848,-2242324,930353,-6595,-3277,-9407,7,48,280037/-1/280010/280041,0
27238,Rosette,2,410046,10509,2,3390806,-2241753,930768,-6562,-3985,-11186,6,48,280037/-1/280151/280041,0
27239,Parmenter,2,410046,10509,2,3392359,-2242788,931061,-8150,-2980,-7009,5,48,280037/-1/280151/280041,0
27240,Vivian,2,410032,10509,2,3390566,-2240724,929774,-4492,-3809,-14626,4,48,280037/-1/280151/280041,0
27241,Payne,2,410032,10509,2,3393151,-2244268,931670,-7971,-1625,-4002,5,48,280037/-1/280151/280041,0
27242,Warra,2,410010,10510,2,3392000,-2236000,922000,-13129,-4825,-6526,7,0,280037/-1/280010/280041,0
27243,Coman,2,410033,10510,2,3391855,-2235622,921065,-13102,-4860,-6588,6,0,280037/-1/280010/280041,0
27244,Camlin,2,410046,10510,2,3392899,-2236377,921708,-13157,-4791,-6464,5,0,280037/-1/280151/280041,0
27245,Berk,2,410046,10510,2,3391710,-2235245,920130,-13073,-4894,-6651,4,0,280037/-1/280151/280041,0
27246,Baruch,2,410032,10510,2,3393799,-2236754,921416,-13184,-4757,-6403,5,0,280037/-1/280151/280041,0
27247,Radford,2,410010,10511,2,3388000,-2228000,934000,-137,0,0,7,0,280037/-1/280010/280041,0
27248,Rico,2,410033,10511,2,3387280,-2227280,933990,-137,0,-49,6,0,280037/-1/280010/280041,0
27249,Rosencrantz,2,410067,10511,2,3388720,-2227280,933990,-137,0,49,5,0,280037/-1/280010/280023,0
27252,Zbigniew,1,410053,10512,2,-3423214,5683207,3373,-9588,2664,5295,7,48,280003/-1/280000/280000,0
27253,Derain,1,410043,10512,2,-3424193,5683545,2840,-10464,1953,3537,6,48,280003/-1/280000/280000,0
27254,Becan,1,410043,10512,2,-3422030,5683210,3634,-8631,3342,7356,5,48,280003/-1/280000/280000,0
27255,Burke,1,410000,10512,2,-3425121,5682757,3760,-10570,326,587,4,48,280021/360001/280021/280021,0
27256,Dakarai,1,410000,10512,2,-3421900,5684369,2826,-8130,4367,9958,5,48,280021/360001/280021/280021,0
27257,Chahaya,1,410053,10513,2,-3420592,5687466,1566,-3721,4881,19258,7,48,280003/-1/280000/280000,0
27258,Rolf,1,410043,10513,2,-3420465,5686802,2072,-4931,5284,17135,6,48,280003/-1/280000/280000,0
27259,Conner,1,410000,10513,2,-3421204,5688229,1234,-3163,5149,21394,5,48,280021/360001/280021/280021,0
27260,Dawa,1,410003,10513,2,-3421166,5685880,2333,-6507,5456,14454,4,48,280000/-1/280012/280012,0
27261,Bari,1,410003,10513,2,-3421103,5689299,621,-1456,3201,23911,5,48,280000/-1/280012/280012,0
27262,Xylon,1,410053,10514,2,-3420705,5684289,1865,-4434,3198,12963,7,48,280003/-1/280000/280000,0
27263,Rumford,1,410043,10514,2,-3420951,5683590,2241,-5180,3095,11112,6,48,280003/-1/280000/280000,0
27264,Rebel,1,410000,10514,2,-3420042,5684952,1671,-3632,3124,14789,5,48,280021/360001/280021/280021,0
27265,Cable,1,410004,10514,2,-3421163,5682065,2365,-4801,2148,8666,4,48,280003/-1/280000/280000,0
27266,Wilmot,1,410003,10514,2,-3420682,5685837,953,-2516,2702,17136,5,48,280000/-1/280012/280012,0
27267,Haas,2,410010,10515,2,6264000,-2816000,2000,-168,168,16381,7,0,280037/-1/280010/280041,0
27268,Carol,2,410046,10515,2,6263280,-2816720,1999,-169,168,16320,6,0,280037/-1/280151/280041,0
27269,Quick,2,410046,10515,2,6263280,-2815280,1976,-167,168,16442,5,0,280037/-1/280151/280041,0
27270,Elise,2,410032,10515,2,6262560,-2817439,1999,-170,168,16258,4,0,280037/-1/280151/280041,0
27271,Dashwood,2,410032,10515,2,6262561,-2814560,1953,-166,168,16503,5,0,280037/-1/280151/280041,0
27272,Waller,2,410010,10516,2,6268000,-2812000,2000,-157,2,315,7,0,280037/-1/280010/280041,0
27273,Matilda,2,410033,10516,2,6267258,-2811302,1989,-157,1,258,6,0,280037/-1/280010/280041,0
27274,Coborn,2,410046,10516,2,6268698,-2811258,1988,-157,2,373,5,0,280037/-1/280151/280041,0
27275,Suzie,2,410046,10516,2,6266517,-2810604,1978,-157,1,200,4,0,280037/-1/280151/280041,0
27276,Warrender,2,410032,10516,2,6269395,-2810517,1977,-157,3,430,5,0,280037/-1/280151/280041,0
27277,West,2,410010,10517,2,6272000,-2816000,2000,-157,-153,-16065,7,0,280037/-1/280010/280041,0
27278,Virgil,2,410033,10517,2,6272698,-2815258,1978,-157,-153,-16122,6,0,280037/-1/280010/280041,0
27279,Pluck,2,410067,10517,2,6272742,-2816697,1999,-158,-153,-16008,5,0,280037/-1/280010/280023,0
27280,Marion,2,410046,10517,2,6273395,-2814517,1957,-156,-153,-16180,4,0,280037/-1/280151/280041,0
27281,Moseley,2,410032,10517,2,6273483,-2817395,1999,-159,-153,-15950,5,0,280037/-1/280151/280041,0
30007,Carroll,1,410000,7156,2,6232764,-2793002,0,0,0,-26665,0,0,280003/-1/280000/280000,0
30034,Tomarra,1,420000,7183,2,6233178,-2795155,519,-212,-662,-26307,0,0,280012/-1/280012/280012,1500
30044,Raphael,1,420000,7193,2,6238589,-2816883,161,-935,-715,-13615,0,48,280012/-1/280012/280012,1500
30085,Melvyn,1,430000,7234,2,6233808,-2818219,-1516,1367,989,-13062,0,48,280014/-1/280014/280014,1200
30260,Miles,1,420000,7409,2,6229125,-2793981,1344,-486,-1302,-25315,0,0,280012/-1/280012/280012,1500
30261,Wyburn,1,430000,7410,2,6238907,-2813481,1550,-4026,-5126,-18958,0,48,280014/-1/280014/280014,1200
31258,Vine,1,410000,7952,2,6325655,-2830711,-4135,1065,-722,12425,2,0,280002/-1/280000/280000,0
33030,Susanna,1,410037,8405,2,6425531,-2797696,-10009,753,-855,17702,9,0,280030/360001/280030/280030,0
33031,Beckett,1,410060,8405,2,6424909,-2798502,-10016,758,-855,17647,8,0,280009/-1/280159/280159,0
33032,Luna,1,410006,8405,2,6424729,-2797078,-9898,749,-854,17756,7,0,280009/-1/280012/280012,0
33033,Frye,1,410041,8405,2,6424288,-2799309,-10023,762,-856,17592,6,0,280009/-1/280012/280012,0
33034,Zachary,1,410038,8405,2,6423926,-2796461,-9787,744,-854,17812,6,0,280003/-1/280000/280000,0
33125,Cecilia,1,410041,8424,2,6423408,-2796290,-7754,591,-681,17853,9,0,280009/-1/280012/280012,0
33126,Manfield,1,410037,8424,2,6422797,-2797104,-7760,595,-681,17797,8,0,280030/360001/280030/280030,0
33127,Hyacinth,1,410060,8424,2,6422596,-2795682,-7666,588,-680,17908,7,0,280009/-1/280159/280159,0
33128,Tester,1,410006,8424,2,6422187,-2797919,-7766,598,-682,17741,6,0,280009/-1/280012/280012,0
33129,Phoebe,1,410041,8424,2,6421783,-2795074,-7578,584,-680,17964,6,0,280009/-1/280012/280012,0
33726,MachineVender,2,1000018,99228,2,6247205,-2803364,0,0,0,17607,6,0,-1/-1/-1/-1,0
33728,Repairer,2,1000020,99228,2,6246410,-2802728,0,0,0,17678,6,0,-1/-1/-1/-1,0
33730,Rudolph,2,410067,99228,2,6245615,-2802092,0,0,0,17749,7,0,280037/-1/280010/280023,0
33732,Vender,2,1000016,99229,2,6248000,-2816000,0,0,0,16383,6,0,-1/-1/-1/-1,0
33733,Vender,2,1000017,99229,2,6247280,-2816720,0,0,0,16314,5,0,-1/-1/-1/-1,0
33734,Vender,2,1000018,99229,2,6247280,-2815280,0,0,0,16453,6,0,-1/-1/-1/-1,0
33735,Vender,2,1000019,99229,2,6246560,-2817440,0,0,0,16243,5,0,-1/-1/-1/-1,0
33736,Vender,2,1000020,99229,2,6246560,-2814560,0,0,0,16524,6,0,-1/-1/-1/-1,0
33737,Raynold,2,410067,99229,2,6245840,-2818160,0,0,0,16171,8,48,280037/-1/280010/280023,0
33738,Barega,2,410067,99229,2,6245840,-2813840,0,0,0,16596,7,48,280037/-1/280010/280023,0
33739,Randy,2,410033,99229,2,6245120,-2818880,0,0,0,16098,8,48,280037/-1/280010/280041,0
34695,WeaponVender,2,1000019,99349,2,6378310,-2826156,-11192,3885,2111,-10313,5,0,-1/-1/-1/-1,0
34697,Short,2,410067,99349,2,6378464,-2825234,-10788,3827,2143,-10580,8,0,280037/-1/280010/280023,0
34699,Smethurst,2,410033,99349,2,6378619,-2824312,-10385,3764,2174,-10859,8,0,280037/-1/280010/280041,0
