# Enemy squads and spies of the combat quests (戦闘任務 / 戦闘委託). The client's quest texts (LOGINSCHEDULELIST.DAT talk_text,
# QUESTLIST.DAT) name each squad, its leader and the item to bring back (a 55xxxx quest item); no capture shows them, so the
# rest is OUR rule: each squad stands near one of its town's suburban NPC spots (DB/Npcs/quest_npcs.csv, which are real
# ground positions), or near the quest giver when the town has none, moved onto land where that was sea, z on the ground
# (DB/Terrain/au.tr, 4 per metre); GMs (EF, 410000) or Zakus (Zeon, 410007) with the
# captured NPCs' weapons; a spy is alone, other squads have 1-3 members by the quest's difficulty. The leader always
# drops quest_item (in its wreck, or on the ground). Same columns as npcs.csv, then quest_item, squad name, quest id.
id,name,faction,template,squad,zone,x,y,z,tilt,roll,dir,rank,action,armaments,health,quest_item,squad_name,quest
40001,Aked,2,410007,70001,1,72197038,-59175449,2115,0,0,0,9,48,280006/-1/280006/280006,0,550410,,151
40002,Deacon,2,410007,70002,1,72259983,-59318703,1103,0,0,0,9,48,280006/-1/280006/280006,0,550284,Dragon of Anger,152
40003,Dragon of Ang 2,2,410007,70002,1,72258483,-59317203,1124,0,0,0,7,48,280006/-1/280006/280006,0,0,Dragon of Anger,152
40004,Gibbs,2,410007,70003,1,72281858,-59517613,627,0,0,0,9,48,280006/-1/280006/280006,0,550326,Cadet blue Angel,153
40005,Cadet blue An 2,2,410007,70003,1,72280358,-59516113,631,0,0,0,7,48,280006/-1/280006/280006,0,0,Cadet blue Angel,153
40006,Jerningham,2,410007,70004,1,72298388,-58955213,2472,0,0,0,9,48,280006/-1/280006/280006,0,550039,Plum Bytalth,154
40007,Plum Bytalth 2,2,410007,70004,1,72296888,-58953713,2545,0,0,0,7,48,280006/-1/280006/280006,0,0,Plum Bytalth,154
40008,Plum Bytalth 3,2,410007,70004,1,72299888,-58953713,2493,0,0,0,7,48,280006/-1/280006/280006,0,0,Plum Bytalth,154
40009,Manfield,2,410007,70005,1,72499797,-59155089,623,0,0,0,9,48,280006/-1/280006/280006,0,550401,Honeydew Dragon,155
40010,Honeydew Drag 2,2,410007,70005,1,72498297,-59153589,624,0,0,0,7,48,280006/-1/280006/280006,0,0,Honeydew Dragon,155
40011,Honeydew Drag 3,2,410007,70005,1,72501297,-59153589,611,0,0,0,7,48,280006/-1/280006/280006,0,0,Honeydew Dragon,155
40012,Parfett,2,410007,70006,1,72616745,-59335932,139,0,0,0,9,48,280006/-1/280006/280006,0,550391,Dark Khaki Banshee,156
40013,Dark Khaki Ba 2,2,410007,70006,1,72615245,-59334432,180,0,0,0,7,48,280006/-1/280006/280006,0,0,Dark Khaki Banshee,156
40014,Dark Khaki Ba 3,2,410007,70006,1,72618245,-59334432,87,0,0,0,7,48,280006/-1/280006/280006,0,0,Dark Khaki Banshee,156
40015,Tellwright,2,410007,70007,1,72281858,-59517613,627,0,0,0,9,48,280006/-1/280006/280006,0,550053,Sky-blue Centaur,157
40016,Sky-blue Cent 2,2,410007,70007,1,72280358,-59516113,631,0,0,0,7,48,280006/-1/280006/280006,0,0,Sky-blue Centaur,157
40017,Sky-blue Cent 3,2,410007,70007,1,72283358,-59516113,622,0,0,0,7,48,280006/-1/280006/280006,0,0,Sky-blue Centaur,157
40018,Sky-blue Cent 4,2,410007,70007,1,72281858,-59519113,627,0,0,0,7,48,280006/-1/280006/280006,0,0,Sky-blue Centaur,157
40019,Akehurst,2,410007,70008,1,72618767,-59036116,711,0,0,0,9,48,280006/-1/280006/280006,0,550371,Goldenrod Dragon,158
40020,Goldenrod Dra 2,2,410007,70008,1,72617267,-59034616,754,0,0,0,7,48,280006/-1/280006/280006,0,0,Goldenrod Dragon,158
40021,Goldenrod Dra 3,2,410007,70008,1,72620267,-59034616,809,0,0,0,7,48,280006/-1/280006/280006,0,0,Goldenrod Dragon,158
40022,Goldenrod Dra 4,2,410007,70008,1,72618767,-59037616,695,0,0,0,7,48,280006/-1/280006/280006,0,0,Goldenrod Dragon,158
40023,Gilchrist,2,410007,70009,1,71285972,-59955834,1325,0,0,0,9,48,280006/-1/280006/280006,0,550360,,159
40024,Jerome,2,410007,70010,1,71287904,-60213336,3742,0,0,0,9,48,280006/-1/280006/280006,0,550285,Dragon of Sadness,160
40025,Dragon of Sad 2,2,410007,70010,1,71286404,-60211836,3699,0,0,0,7,48,280006/-1/280006/280006,0,0,Dragon of Sadness,160
40026,Manger,2,410007,70011,1,71367197,-59738914,1989,0,0,0,9,48,280006/-1/280006/280006,0,550323,DeepSkyblue Basilisk,161
40027,DeepSkyblue B 2,2,410007,70011,1,71365697,-59737414,1942,0,0,0,7,48,280006/-1/280006/280006,0,0,DeepSkyblue Basilisk,161
40028,Prageter,2,410007,70012,1,71409131,-60036515,2514,0,0,0,9,48,280006/-1/280006/280006,0,550040,White Chimera,162
40029,White Chimera 2,2,410007,70012,1,71407631,-60035015,2519,0,0,0,7,48,280006/-1/280006/280006,0,0,White Chimera,162
40030,White Chimera 3,2,410007,70012,1,71410631,-60035015,2485,0,0,0,7,48,280006/-1/280006/280006,0,0,White Chimera,162
40031,Temple,2,410007,70013,1,71486191,-59896358,2449,0,0,0,9,48,280006/-1/280006/280006,0,550402,Lime Green Elf,163
40032,Lime Green El 2,2,410007,70013,1,71484691,-59894858,2445,0,0,0,7,48,280006/-1/280006/280006,0,0,Lime Green Elf,163
40033,Lime Green El 3,2,410007,70013,1,71487691,-59894858,2458,0,0,0,7,48,280006/-1/280006/280006,0,0,Lime Green Elf,163
40034,Akrigg,2,410007,70014,1,71647061,-60177458,2497,0,0,0,9,48,280006/-1/280006/280006,0,550392,The Eagle Hraesvelg,164
40035,The Eagle Hra 2,2,410007,70014,1,71645561,-60175958,2480,0,0,0,7,48,280006/-1/280006/280006,0,0,The Eagle Hraesvelg,164
40036,The Eagle Hra 3,2,410007,70014,1,71648561,-60175958,2481,0,0,0,7,48,280006/-1/280006/280006,0,0,The Eagle Hraesvelg,164
40037,Deane,2,410007,70015,1,71486191,-59896358,2449,0,0,0,9,48,280006/-1/280006/280006,0,550054,Greenyellow Behemoth,165
40038,Greenyellow B 2,2,410007,70015,1,71484691,-59894858,2445,0,0,0,7,48,280006/-1/280006/280006,0,0,Greenyellow Behemoth,165
40039,Greenyellow B 3,2,410007,70015,1,71487691,-59894858,2458,0,0,0,7,48,280006/-1/280006/280006,0,0,Greenyellow Behemoth,165
40040,Greenyellow B 4,2,410007,70015,1,71486191,-59897858,2446,0,0,0,7,48,280006/-1/280006/280006,0,0,Greenyellow Behemoth,165
40041,Harker,2,410007,70016,1,71666412,-59960589,1704,0,0,0,9,48,280006/-1/280006/280006,0,550372,Antique White Coatl,166
40042,Antique White 2,2,410007,70016,1,71664912,-59959089,1713,0,0,0,7,48,280006/-1/280006/280006,0,0,Antique White Coatl,166
40043,Antique White 3,2,410007,70016,1,71667912,-59959089,1700,0,0,0,7,48,280006/-1/280006/280006,0,0,Antique White Coatl,166
40044,Antique White 4,2,410007,70016,1,71666412,-59962089,1703,0,0,0,7,48,280006/-1/280006/280006,0,0,Antique White Coatl,166
40045,Nethersallnether,2,410007,70017,1,55514051,-58225518,271,0,0,0,9,48,280006/-1/280006/280006,0,550400,,167
40046,Raper,2,410007,70018,1,55572905,-58382312,292,0,0,0,9,48,280006/-1/280006/280006,0,550286,Olive drab Cassowary,168
40047,Olive drab Ca 2,2,410007,70018,1,55571405,-58380812,289,0,0,0,7,48,280006/-1/280006/280006,0,0,Olive drab Cassowary,168
40048,Vernon,2,410007,70019,1,55592366,-58442404,251,0,0,0,9,48,280006/-1/280006/280006,0,550324,Light cyan Orc,169
40049,Light cyan Or 2,2,410007,70019,1,55590866,-58440904,247,0,0,0,7,48,280006/-1/280006/280006,0,0,Light cyan Orc,169
40050,Bannister,2,410007,70020,1,55634767,-58206717,948,0,0,0,9,48,280006/-1/280006/280006,0,550041,ChartreuseCockatrice,170
40051,ChartreuseCoc 2,2,410007,70020,1,55633267,-58205217,954,0,0,0,7,48,280006/-1/280006/280006,0,0,ChartreuseCockatrice,170
40052,ChartreuseCoc 3,2,410007,70020,1,55636267,-58205217,942,0,0,0,7,48,280006/-1/280006/280006,0,0,ChartreuseCockatrice,170
40053,Everard,2,410007,70021,1,55735940,-58006902,782,0,0,0,9,48,280006/-1/280006/280006,0,550403,Powder Blue Fairy,171
40054,Powder Blue F 2,2,410007,70021,1,55734440,-58005402,794,0,0,0,7,48,280006/-1/280006/280006,0,0,Powder Blue Fairy,171
40055,Powder Blue F 3,2,410007,70021,1,55737440,-58005402,814,0,0,0,7,48,280006/-1/280006/280006,0,0,Powder Blue Fairy,171
40056,Harding,2,410007,70022,1,55755026,-58244078,1111,0,0,0,9,48,280006/-1/280006/280006,0,550393,The Fabled Giant Condor,172
40057,The Fabled Gi 2,2,410007,70022,1,55753526,-58242578,1098,0,0,0,7,48,280006/-1/280006/280006,0,0,The Fabled Giant Condor,172
40058,The Fabled Gi 3,2,410007,70022,1,55756526,-58242578,1130,0,0,0,7,48,280006/-1/280006/280006,0,0,The Fabled Giant Condor,172
40059,Keith,2,410007,70023,1,55837627,-58545177,1176,0,0,0,9,48,280006/-1/280006/280006,0,550055,Lime Blue Dragon,173
40060,Lime Blue Dra 2,2,410007,70023,1,55836127,-58543677,1166,0,0,0,7,48,280006/-1/280006/280006,0,0,Lime Blue Dragon,173
40061,Lime Blue Dra 3,2,410007,70023,1,55839127,-58543677,1200,0,0,0,7,48,280006/-1/280006/280006,0,0,Lime Blue Dragon,173
40062,Lime Blue Dra 4,2,410007,70023,1,55837627,-58546677,1164,0,0,0,7,48,280006/-1/280006/280006,0,0,Lime Blue Dragon,173
40063,Netherby,2,410007,70024,1,55835503,-58088290,1041,0,0,0,9,48,280006/-1/280006/280006,0,550373,Dark Magenta Demon,174
40064,Dark Magenta 2,2,410007,70024,1,55834003,-58086790,1035,0,0,0,7,48,280006/-1/280006/280006,0,0,Dark Magenta Demon,174
40065,Dark Magenta 3,2,410007,70024,1,55837003,-58086790,1044,0,0,0,7,48,280006/-1/280006/280006,0,0,Dark Magenta Demon,174
40066,Dark Magenta 4,2,410007,70024,1,55835503,-58089790,1035,0,0,0,7,48,280006/-1/280006/280006,0,0,Dark Magenta Demon,174
40067,Vere,2,410007,70025,1,57032434,-58362513,1686,0,0,0,9,48,280006/-1/280006/280006,0,550380,,175
40068,Barber,2,410007,70026,1,57093118,-58322909,1758,0,0,0,9,48,280006/-1/280006/280006,0,550287,The Elder Dragon,176
40069,The Elder Dra 2,2,410007,70026,1,57091618,-58321409,1769,0,0,0,7,48,280006/-1/280006/280006,0,0,The Elder Dragon,176
40070,Hardings,2,410007,70027,1,57153653,-58141943,1720,0,0,0,9,48,280006/-1/280006/280006,0,550325,Slate blue Fenril,177
40071,Slate blue Fe 2,2,410007,70027,1,57152153,-58140443,1714,0,0,0,7,48,280006/-1/280006/280006,0,0,Slate blue Fenril,177
40072,Kellaway,2,410007,70028,1,57176157,-57841647,2156,0,0,0,9,48,280006/-1/280006/280006,0,550042,Alice blue Aileron,178
40073,Alice blue Ai 2,2,410007,70028,1,57174657,-57840147,2155,0,0,0,7,48,280006/-1/280006/280006,0,0,Alice blue Aileron,178
40074,Alice blue Ai 3,2,410007,70028,1,57177657,-57840147,2162,0,0,0,7,48,280006/-1/280006/280006,0,0,Alice blue Aileron,178
40075,Randal,2,410007,70029,1,57213990,-58343843,1576,0,0,0,9,48,280006/-1/280006/280006,0,550404,Dragon of Hatred,179
40076,Dragon of Hat 2,2,410007,70029,1,57212490,-58342343,1575,0,0,0,7,48,280006/-1/280006/280006,0,0,Dragon of Hatred,179
40077,Dragon of Hat 3,2,410007,70029,1,57215490,-58342343,1574,0,0,0,7,48,280006/-1/280006/280006,0,0,Dragon of Hatred,179
40078,Verney,2,410007,70030,1,57234918,-58243473,1853,0,0,0,9,48,280006/-1/280006/280006,0,550394,Olive Byak,180
40079,Olive Byak 2,2,410007,70030,1,57233418,-58241973,1845,0,0,0,7,48,280006/-1/280006/280006,0,0,Olive Byak,180
40080,Olive Byak 3,2,410007,70030,1,57236418,-58241973,1847,0,0,0,7,48,280006/-1/280006/280006,0,0,Olive Byak,180
40081,Barclay,2,410007,70031,1,57093118,-58322909,1758,0,0,0,9,48,280006/-1/280006/280006,0,550056,Dim Gray Devil,181
40082,Dim Gray Devi 2,2,410007,70031,1,57091618,-58321409,1769,0,0,0,7,48,280006/-1/280006/280006,0,0,Dim Gray Devil,181
40083,Dim Gray Devi 3,2,410007,70031,1,57094618,-58321409,1761,0,0,0,7,48,280006/-1/280006/280006,0,0,Dim Gray Devil,181
40084,Dim Gray Devi 4,2,410007,70031,1,57093118,-58324409,1752,0,0,0,7,48,280006/-1/280006/280006,0,0,Dim Gray Devil,181
40085,Feskine,2,410007,70032,1,57293453,-58121105,1869,0,0,0,9,48,280006/-1/280006/280006,0,550374,White Fire bird,182
40086,White Fire bi 2,2,410007,70032,1,57291953,-58119605,1874,0,0,0,7,48,280006/-1/280006/280006,0,0,White Fire bird,182
40087,White Fire bi 3,2,410007,70032,1,57294953,-58119605,1864,0,0,0,7,48,280006/-1/280006/280006,0,0,White Fire bird,182
40088,White Fire bi 4,2,410007,70032,1,57293453,-58122605,1866,0,0,0,7,48,280006/-1/280006/280006,0,0,White Fire bird,182
40089,Laurence,1,410000,70033,1,69064809,-61058782,1122,0,0,0,9,48,280021/360001/280021/280021,0,550415,,183
40090,Orchard,1,410000,70034,1,69173969,-61410957,648,0,0,0,9,48,280021/360001/280021/280021,0,550264,Bird Bravo,184
40091,Bird Bravo 2,1,410000,70034,1,69172469,-61409457,635,0,0,0,7,48,280021/360001/280021/280021,0,0,Bird Bravo,184
40092,Sandbach,1,410000,70035,1,69290800,-60882720,987,0,0,0,9,48,280021/360001/280021/280021,0,550313,Deer Echo,185
40093,Deer Echo 2,1,410000,70035,1,69289300,-60881220,985,0,0,0,7,48,280021/360001/280021/280021,0,0,Deer Echo,185
40094,Wakefield,1,410000,70036,1,69303952,-61241333,1281,0,0,0,9,48,280021/360001/280021/280021,0,550029,Fish Hotel,186
40095,Fish Hotel 2,1,410000,70036,1,69302452,-61239833,1356,0,0,0,7,48,280021/360001/280021/280021,0,0,Fish Hotel,186
40096,Fish Hotel 3,1,410000,70036,1,69305452,-61239833,1151,0,0,0,7,48,280021/360001/280021/280021,0,0,Fish Hotel,186
40097,Catt,1,410000,70037,1,69365653,-61120300,2279,0,0,0,9,48,280021/360001/280021/280021,0,550406,Giraffe Kilo,187
40098,Giraffe Kilo 2,1,410000,70037,1,69364153,-61118800,2254,0,0,0,7,48,280021/360001/280021/280021,0,0,Giraffe Kilo,187
40099,Giraffe Kilo 3,1,410000,70037,1,69367153,-61118800,2285,0,0,0,7,48,280021/360001/280021/280021,0,0,Giraffe Kilo,187
40100,Fenwick,1,410000,70038,1,69386540,-60940807,897,0,0,0,9,48,280021/360001/280021/280021,0,550381,Koala November,188
40101,Koala Novembe 2,1,410000,70038,1,69385040,-60939307,884,0,0,0,7,48,280021/360001/280021/280021,0,0,Koala November,188
40102,Koala Novembe 3,1,410000,70038,1,69388040,-60939307,902,0,0,0,7,48,280021/360001/280021/280021,0,0,Koala November,188
40103,Ireland,1,410000,70039,1,69290800,-60882720,987,0,0,0,9,48,280021/360001/280021/280021,0,550049,Mouse Quebec,189
40104,Mouse Quebec 2,1,410000,70039,1,69289300,-60881220,985,0,0,0,7,48,280021/360001/280021/280021,0,0,Mouse Quebec,189
40105,Mouse Quebec 3,1,410000,70039,1,69292300,-60881220,967,0,0,0,7,48,280021/360001/280021/280021,0,0,Mouse Quebec,189
40106,Mouse Quebec 4,1,410000,70039,1,69290800,-60884220,997,0,0,0,7,48,280021/360001/280021/280021,0,0,Mouse Quebec,189
40107,Latimer,1,410000,70040,1,69454847,-61524836,28,0,0,0,9,48,280021/360001/280021/280021,0,550361,Rabbit Tango,190
40108,Rabbit Tango 2,1,410000,70040,1,69453347,-61523336,23,0,0,0,7,48,280021/360001/280021/280021,0,0,Rabbit Tango,190
40109,Rabbit Tango 3,1,410000,70040,1,69456347,-61523336,29,0,0,0,7,48,280021/360001/280021/280021,0,0,Rabbit Tango,190
40110,Rabbit Tango 4,1,410000,70040,1,69454847,-61526336,22,0,0,0,7,48,280021/360001/280021/280021,0,0,Rabbit Tango,190
40111,Sampson,1,410000,70041,1,66069736,-59906666,315,0,0,0,9,48,280021/360001/280021/280021,0,550370,,191
40112,Wait,1,410000,70042,1,66110174,-59726344,615,0,0,0,9,48,280021/360001/280021/280021,0,550265,Tiger Whiskey,192
40113,Tiger Whiskey 2,1,410000,70042,1,66108674,-59724844,616,0,0,0,7,48,280021/360001/280021/280021,0,0,Tiger Whiskey,192
40114,Ceurce,1,410000,70043,1,66211444,-59427263,333,0,0,0,9,48,280021/360001/280021/280021,0,550314,Wildlife Zulu,193
40115,Wildlife Zulu 2,1,410000,70043,1,66209944,-59425763,341,0,0,0,7,48,280021/360001/280021/280021,0,0,Wildlife Zulu,193
40116,Fernandez,1,410000,70044,1,66222596,-59693814,38,0,0,0,9,48,280021/360001/280021/280021,0,550030,Cat Charlie,194
40117,Cat Charlie 2,1,410000,70044,1,66221096,-59692314,50,0,0,0,7,48,280021/360001/280021/280021,0,0,Cat Charlie,194
40118,Cat Charlie 3,1,410000,70044,1,66224096,-59692314,35,0,0,0,7,48,280021/360001/280021/280021,0,0,Cat Charlie,194
40119,Iremonger,1,410000,70045,1,66419051,-59796890,16,0,0,0,9,48,280021/360001/280021/280021,0,550407,Dog Foxtrot,195
40120,Dog Foxtrot 2,1,410000,70045,1,66417551,-59795390,23,0,0,0,7,48,280021/360001/280021/280021,0,0,Dog Foxtrot,195
40121,Dog Foxtrot 3,1,410000,70045,1,66420551,-59795390,13,0,0,0,7,48,280021/360001/280021/280021,0,0,Dog Foxtrot,195
40122,Lauderdale,1,410000,70046,1,66479034,-59914690,24,0,0,0,9,48,280021/360001/280021/280021,0,550382,Fox India,196
40123,Fox India 2,1,410000,70046,1,66477534,-59913190,28,0,0,0,7,48,280021/360001/280021/280021,0,0,Fox India,196
40124,Fox India 3,1,410000,70046,1,66480534,-59913190,21,0,0,0,7,48,280021/360001/280021/280021,0,0,Fox India,196
40125,Oram,1,410000,70047,1,66510650,-60065428,699,0,0,0,9,48,280021/360001/280021/280021,0,550050,Horse Lima,197
40126,Horse Lima 2,1,410000,70047,1,66509150,-60063928,703,0,0,0,7,48,280021/360001/280021/280021,0,0,Horse Lima,197
40127,Horse Lima 3,1,410000,70047,1,66512150,-60063928,721,0,0,0,7,48,280021/360001/280021/280021,0,0,Horse Lima,197
40128,Horse Lima 4,1,410000,70047,1,66510650,-60066928,685,0,0,0,7,48,280021/360001/280021/280021,0,0,Horse Lima,197
40129,Sanchez,1,410000,70048,1,66470126,-59747376,168,0,0,0,9,48,280021/360001/280021/280021,0,550362,Lion Oscar,198
40130,Lion Oscar 2,1,410000,70048,1,66468626,-59745876,174,0,0,0,7,48,280021/360001/280021/280021,0,0,Lion Oscar,198
40131,Lion Oscar 3,1,410000,70048,1,66471626,-59745876,169,0,0,0,7,48,280021/360001/280021/280021,0,0,Lion Oscar,198
40132,Lion Oscar 4,1,410000,70048,1,66470126,-59748876,168,0,0,0,7,48,280021/360001/280021/280021,0,0,Lion Oscar,198
40133,Chadwick,1,410000,70049,1,73070272,-56588356,2341,0,0,0,9,48,280021/360001/280021/280021,0,550390,,199
40134,Gildersleeve,1,410000,70050,1,73149187,-56126488,1124,0,0,0,9,48,280021/360001/280021/280021,0,550266,Penguin Romeo,200
40135,Penguin Romeo 2,1,410000,70050,1,73147687,-56124988,1126,0,0,0,7,48,280021/360001/280021/280021,0,0,Penguin Romeo,200
40136,Jessop,1,410000,70051,1,73189294,-56227095,677,0,0,0,9,48,280021/360001/280021/280021,0,550315,Sheep Uniform,201
40137,Sheep Uniform 2,1,410000,70051,1,73187794,-56225595,700,0,0,0,7,48,280021/360001/280021/280021,0,0,Sheep Uniform,201
40138,Mann,1,410000,70052,1,73229356,-56287696,644,0,0,0,9,48,280021/360001/280021/280021,0,550031,Turtle X-Ray,202
40139,Turtle X-Ray 2,1,410000,70052,1,73227856,-56286196,617,0,0,0,7,48,280021/360001/280021/280021,0,0,Turtle X-Ray,202
40140,Turtle X-Ray 3,1,410000,70052,1,73230856,-56286196,694,0,0,0,7,48,280021/360001/280021/280021,0,0,Turtle X-Ray,202
40141,Park,1,410000,70053,1,73251837,-56228387,1028,0,0,0,9,48,280021/360001/280021/280021,0,550408,Wolf Shape,203
40142,Wolf Shape 2,1,410000,70053,1,73250337,-56226887,1015,0,0,0,7,48,280021/360001/280021/280021,0,0,Wolf Shape,203
40143,Wolf Shape 3,1,410000,70053,1,73253337,-56226887,1039,0,0,0,7,48,280021/360001/280021/280021,0,0,Wolf Shape,203
40144,Tennant,1,410000,70054,1,73351208,-56168889,1092,0,0,0,9,48,280021/360001/280021/280021,0,550383,Bear Alfa,204
40145,Bear Alfa 2,1,410000,70054,1,73349708,-56167389,1097,0,0,0,7,48,280021/360001/280021/280021,0,0,Bear Alfa,204
40146,Bear Alfa 3,1,410000,70054,1,73352708,-56167389,1070,0,0,0,7,48,280021/360001/280021/280021,0,0,Bear Alfa,204
40147,Allenby,1,410000,70055,1,73251837,-56228387,1028,0,0,0,9,48,280021/360001/280021/280021,0,550051,Cow Delta,205
40148,Cow Delta 2,1,410000,70055,1,73250337,-56226887,1015,0,0,0,7,48,280021/360001/280021/280021,0,0,Cow Delta,205
40149,Cow Delta 3,1,410000,70055,1,73253337,-56226887,1039,0,0,0,7,48,280021/360001/280021/280021,0,0,Cow Delta,205
40150,Cow Delta 4,1,410000,70055,1,73251837,-56229887,1032,0,0,0,7,48,280021/360001/280021/280021,0,0,Cow Delta,205
40151,Flower,1,410000,70056,1,73410740,-56347987,480,0,0,0,9,48,280021/360001/280021/280021,0,550363,Elephant Golf,206
40152,Elephant Golf 2,1,410000,70056,1,73409240,-56346487,498,0,0,0,7,48,280021/360001/280021/280021,0,0,Elephant Golf,206
40153,Elephant Golf 3,1,410000,70056,1,73412240,-56346487,453,0,0,0,7,48,280021/360001/280021/280021,0,0,Elephant Golf,206
40154,Elephant Golf 4,1,410000,70056,1,73410740,-56349487,489,0,0,0,7,48,280021/360001/280021/280021,0,0,Elephant Golf,206
40155,Paul,1,410000,70057,1,62499475,-48859119,112,0,0,0,9,48,280021/360001/280021/280021,0,550405,,207
40156,Walshe,1,410000,70058,1,62700025,-49151094,23,0,0,0,9,48,280021/360001/280021/280021,0,550267,Frog Juliett,208
40157,Frog Juliett 2,1,410000,70058,1,62698525,-49149594,20,0,0,0,7,48,280021/360001/280021/280021,0,0,Frog Juliett,208
40158,Dunne,1,410000,70059,1,62715737,-49169451,20,0,0,0,9,48,280021/360001/280021/280021,0,550316,Kangaroo Mike,209
40159,Kangaroo Mike 2,1,410000,70059,1,62714237,-49167951,27,0,0,0,7,48,280021/360001/280021/280021,0,0,Kangaroo Mike,209
40160,Kingley,1,410000,70060,1,62681810,-49320578,29,0,0,0,9,48,280021/360001/280021/280021,0,550032,Monkey Papa,210
40161,Monkey Papa 2,1,410000,70060,1,62680310,-49319078,28,0,0,0,7,48,280021/360001/280021/280021,0,0,Monkey Papa,210
40162,Monkey Papa 3,1,410000,70060,1,62683310,-49319078,26,0,0,0,7,48,280021/360001/280021/280021,0,0,Monkey Papa,210
40163,Thrale,1,410000,70061,1,62722744,-49401487,370,0,0,0,9,48,280021/360001/280021/280021,0,550409,Pig Sierra,211
40164,Pig Sierra 2,1,410000,70061,1,62721244,-49399987,365,0,0,0,7,48,280021/360001/280021/280021,0,0,Pig Sierra,211
40165,Pig Sierra 3,1,410000,70061,1,62724244,-49399987,375,0,0,0,7,48,280021/360001/280021/280021,0,0,Pig Sierra,211
40166,Coates,1,410000,70062,1,62764425,-48840224,34,0,0,0,9,48,280021/360001/280021/280021,0,550384,Snake Victor,212
40167,Snake Victor 2,1,410000,70062,1,62762925,-48838724,45,0,0,0,7,48,280021/360001/280021/280021,0,0,Snake Victor,212
40168,Snake Victor 3,1,410000,70062,1,62765925,-48838724,44,0,0,0,7,48,280021/360001/280021/280021,0,0,Snake Victor,212
40169,Hayward,1,410000,70063,1,62764425,-48840224,34,0,0,0,9,48,280021/360001/280021/280021,0,550052,Whale Yankee,213
40170,Whale Yankee 2,1,410000,70063,1,62762925,-48838724,45,0,0,0,7,48,280021/360001/280021/280021,0,0,Whale Yankee,213
40171,Whale Yankee 3,1,410000,70063,1,62765925,-48838724,44,0,0,0,7,48,280021/360001/280021/280021,0,0,Whale Yankee,213
40172,Whale Yankee 4,1,410000,70063,1,62764425,-48841724,39,0,0,0,7,48,280021/360001/280021/280021,0,0,Whale Yankee,213
40173,Noble,1,410000,70064,1,62848019,-48907484,37,0,0,0,9,48,280021/360001/280021/280021,0,550364,Ant Circle,214
40174,Ant Circle 2,1,410000,70064,1,62846519,-48905984,27,0,0,0,7,48,280021/360001/280021/280021,0,0,Ant Circle,214
40175,Ant Circle 3,1,410000,70064,1,62849519,-48905984,25,0,0,0,7,48,280021/360001/280021/280021,0,0,Ant Circle,214
40176,Ant Circle 4,1,410000,70064,1,62848019,-48908984,37,0,0,0,7,48,280021/360001/280021/280021,0,0,Ant Circle,214
40177,Butler,2,410007,70065,1,70039799,-63257554,3571,0,0,0,9,48,280006/-1/280006/280006,0,550328,Hotlink Houlou,223
40178,Hotlink Houlo 2,2,410007,70065,1,70038299,-63256054,3631,0,0,0,7,48,280006/-1/280006/280006,0,0,Hotlink Houlou,223
40179,Hotlink Houlo 3,2,410007,70065,1,70041299,-63256054,3602,0,0,0,7,48,280006/-1/280006/280006,0,0,Hotlink Houlou,223
40180,Hotlink Houlo 4,2,410007,70065,1,70039799,-63259054,3512,0,0,0,7,48,280006/-1/280006/280006,0,0,Hotlink Houlou,223
40181,Hurst,1,410000,70066,1,62957848,-55256061,2214,0,0,0,9,48,280021/360001/280021/280021,0,550318,Nature Rectangle,224
40182,Nature Rectan 2,1,410000,70066,1,62956348,-55254561,2210,0,0,0,7,48,280021/360001/280021/280021,0,0,Nature Rectangle,224
40183,Nature Rectan 3,1,410000,70066,1,62959348,-55254561,2209,0,0,0,7,48,280021/360001/280021/280021,0,0,Nature Rectangle,224
40184,Nature Rectan 4,1,410000,70066,1,62957848,-55257561,2219,0,0,0,7,48,280021/360001/280021/280021,0,0,Nature Rectangle,224
40185,Aqua Fur,2,410007,70067,1,62844872,-49361042,312,0,0,0,9,48,280006/-1/280006/280006,0,550074,Aqua Fur,253
40186,Aqua Fur 2,2,410007,70067,1,62843372,-49359542,304,0,0,0,7,48,280006/-1/280006/280006,0,0,Aqua Fur,253
40187,Aqua Fur 3,2,410007,70067,1,62846372,-49359542,312,0,0,0,7,48,280006/-1/280006/280006,0,0,Aqua Fur,253
40188,Aqua Fur 4,2,410007,70067,1,62844872,-49362542,314,0,0,0,7,48,280006/-1/280006/280006,0,0,Aqua Fur,253
40189,Dean,2,410007,70068,1,72599852,-59469505,30,0,0,0,9,48,280006/-1/280006/280006,0,550043,Chocolate Gnome,260
40190,Chocolate Gno 2,2,410007,70068,1,72598352,-59468005,27,0,0,0,7,48,280006/-1/280006/280006,0,0,Chocolate Gnome,260
40191,Chocolate Gno 3,2,410007,70068,1,72601352,-59468005,35,0,0,0,7,48,280006/-1/280006/280006,0,0,Chocolate Gnome,260
40192,Chocolate Gno 4,2,410007,70068,1,72599852,-59471005,22,0,0,0,7,48,280006/-1/280006/280006,0,0,Chocolate Gnome,260
40193,Alvarez,1,410000,70069,1,69527645,-61259020,612,0,0,0,9,48,280021/360001/280021/280021,0,550033,Butterfly Heart,264
40194,Butterfly Hea 2,1,410000,70069,1,69526145,-61257520,621,0,0,0,7,48,280021/360001/280021/280021,0,0,Butterfly Heart,264
40195,Butterfly Hea 3,1,410000,70069,1,69529145,-61257520,619,0,0,0,7,48,280021/360001/280021/280021,0,0,Butterfly Heart,264
40196,Butterfly Hea 4,1,410000,70069,1,69527645,-61260520,610,0,0,0,7,48,280021/360001/280021/280021,0,0,Butterfly Heart,264
